request_id,kind,quadrature_points,frequency_hz,state,model,rho1,rho2,rho_bone,rho_heart,rho_fat,L_mm,Z,relative_residual,reciprocity_abs
q256_50000_inhale_ts_without_fat,literature,256,50000,inhale,ts_without_fat,2.84229947307531,9.74127148952717,48.4451260579635,5.11678442048387,23.1086075206695,50,49.5147028724135,1.96138184029771e-10,2.1316282072803e-14
q256_50000_inhale_ts_without_fat,literature,256,50000,inhale,ts_without_fat,2.84229947307531,9.74127148952717,48.4451260579635,5.11678442048387,23.1086075206695,60,49.0361034619584,2.69292846611725e-10,2.1316282072803e-14
q256_50000_inhale_ts_without_fat,literature,256,50000,inhale,ts_without_fat,2.84229947307531,9.74127148952717,48.4451260579635,5.11678442048387,23.1086075206695,70,38.2006796475042,2.5247794321914e-10,3.5527136788005e-14
q256_50000_inhale_ts_without_fat,literature,256,50000,inhale,ts_without_fat,2.84229947307531,9.74127148952717,48.4451260579635,5.11678442048387,23.1086075206695,80,39.7526292552255,3.23374091251077e-10,2.8421709430404e-14
q256_50000_inhale_ts_without_fat,literature,256,50000,inhale,ts_without_fat,2.84229947307531,9.74127148952717,48.4451260579635,5.11678442048387,23.1086075206695,90,34.2785145063565,2.65153014803364e-10,0
q256_50000_inhale_ts_without_fat,literature,256,50000,inhale,ts_without_fat,2.84229947307531,9.74127148952717,48.4451260579635,5.11678442048387,23.1086075206695,110,32.4980445749418,6.87984692056977e-10,0
q256_50000_inhale_ts_without_fat,literature,256,50000,inhale,ts_without_fat,2.84229947307531,9.74127148952717,48.4451260579635,5.11678442048387,23.1086075206695,120,30.2859851156445,4.90293043563992e-10,3.5527136788005e-15
q256_50000_inhale_ts_without_fat,literature,256,50000,inhale,ts_without_fat,2.84229947307531,9.74127148952717,48.4451260579635,5.11678442048387,23.1086075206695,130,28.0684941070523,5.81992166912213e-10,0
q256_50000_inhale_ts_without_fat,literature,256,50000,inhale,ts_without_fat,2.84229947307531,9.74127148952717,48.4451260579635,5.11678442048387,23.1086075206695,140,27.480080542398,5.04465671347166e-10,1.4210854715202e-14
q256_50000_inhale_ts_with_fat,literature,256,50000,inhale,ts_with_fat,2.84229947307531,9.74127148952717,48.4451260579635,5.11678442048387,23.1086075206695,50,82.8807377024652,1.03688172453378e-10,1.4210854715202e-14
q256_50000_inhale_ts_with_fat,literature,256,50000,inhale,ts_with_fat,2.84229947307531,9.74127148952717,48.4451260579635,5.11678442048387,23.1086075206695,60,77.4002466098509,3.91354163781888e-10,0
q256_50000_inhale_ts_with_fat,literature,256,50000,inhale,ts_with_fat,2.84229947307531,9.74127148952717,48.4451260579635,5.11678442048387,23.1086075206695,70,53.6182064254793,3.82878635725656e-10,1.4210854715202e-14
q256_50000_inhale_ts_with_fat,literature,256,50000,inhale,ts_with_fat,2.84229947307531,9.74127148952717,48.4451260579635,5.11678442048387,23.1086075206695,80,56.1632100903555,1.13130477488477e-10,0
q256_50000_inhale_ts_with_fat,literature,256,50000,inhale,ts_with_fat,2.84229947307531,9.74127148952717,48.4451260579635,5.11678442048387,23.1086075206695,90,44.2601574428375,4.33194210270528e-10,2.1316282072803e-14
q256_50000_inhale_ts_with_fat,literature,256,50000,inhale,ts_with_fat,2.84229947307531,9.74127148952717,48.4451260579635,5.11678442048387,23.1086075206695,110,43.6227547178061,2.00921977030048e-10,7.105427357601e-15
q256_50000_inhale_ts_with_fat,literature,256,50000,inhale,ts_with_fat,2.84229947307531,9.74127148952717,48.4451260579635,5.11678442048387,23.1086075206695,120,38.6029265102861,1.10264098261145e-09,0
q256_50000_inhale_ts_with_fat,literature,256,50000,inhale,ts_with_fat,2.84229947307531,9.74127148952717,48.4451260579635,5.11678442048387,23.1086075206695,130,35.8579905820442,1.9509085889275e-10,0
q256_50000_inhale_ts_with_fat,literature,256,50000,inhale,ts_with_fat,2.84229947307531,9.74127148952717,48.4451260579635,5.11678442048387,23.1086075206695,140,33.268297818305,8.24207790930467e-10,7.105427357601e-15
q256_50000_exhale_ts_without_fat,literature,256,50000,exhale,ts_without_fat,2.84229947307531,3.81728305178192,48.4451260579635,5.11678442048387,23.1086075206695,50,49.0807716878918,1.95256609133419e-10,1.4210854715202e-14
q256_50000_exhale_ts_without_fat,literature,256,50000,exhale,ts_without_fat,2.84229947307531,3.81728305178192,48.4451260579635,5.11678442048387,23.1086075206695,60,48.3658328972376,2.67002728401295e-10,2.1316282072803e-14
q256_50000_exhale_ts_without_fat,literature,256,50000,exhale,ts_without_fat,2.84229947307531,3.81728305178192,48.4451260579635,5.11678442048387,23.1086075206695,70,37.3909556794356,2.75854920638543e-10,0
q256_50000_exhale_ts_without_fat,literature,256,50000,exhale,ts_without_fat,2.84229947307531,3.81728305178192,48.4451260579635,5.11678442048387,23.1086075206695,80,38.7107370789631,2.71764626702316e-10,7.105427357601e-15
q256_50000_exhale_ts_without_fat,literature,256,50000,exhale,ts_without_fat,2.84229947307531,3.81728305178192,48.4451260579635,5.11678442048387,23.1086075206695,90,33.0375973582512,4.16807678119982e-10,0
q256_50000_exhale_ts_without_fat,literature,256,50000,exhale,ts_without_fat,2.84229947307531,3.81728305178192,48.4451260579635,5.11678442048387,23.1086075206695,110,30.8487711616724,4.84996390812479e-10,2.1316282072803e-14
q256_50000_exhale_ts_without_fat,literature,256,50000,exhale,ts_without_fat,2.84229947307531,3.81728305178192,48.4451260579635,5.11678442048387,23.1086075206695,120,28.3660906251709,4.05308598950811e-10,1.06581410364015e-14
q256_50000_exhale_ts_without_fat,literature,256,50000,exhale,ts_without_fat,2.84229947307531,3.81728305178192,48.4451260579635,5.11678442048387,23.1086075206695,130,26.0602818078257,3.71218438679619e-10,0
q256_50000_exhale_ts_without_fat,literature,256,50000,exhale,ts_without_fat,2.84229947307531,3.81728305178192,48.4451260579635,5.11678442048387,23.1086075206695,140,25.218635855916,4.35576364995925e-10,2.1316282072803e-14
q256_50000_exhale_ts_with_fat,literature,256,50000,exhale,ts_with_fat,2.84229947307531,3.81728305178192,48.4451260579635,5.11678442048387,23.1086075206695,50,82.247489547669,4.08645272110491e-11,5.6843418860808e-14
q256_50000_exhale_ts_with_fat,literature,256,50000,exhale,ts_with_fat,2.84229947307531,3.81728305178192,48.4451260579635,5.11678442048387,23.1086075206695,60,76.3746376731867,2.61710565579762e-10,4.2632564145606e-14
q256_50000_exhale_ts_with_fat,literature,256,50000,exhale,ts_with_fat,2.84229947307531,3.81728305178192,48.4451260579635,5.11678442048387,23.1086075206695,70,52.4052128388434,2.93534594227555e-10,0
q256_50000_exhale_ts_with_fat,literature,256,50000,exhale,ts_with_fat,2.84229947307531,3.81728305178192,48.4451260579635,5.11678442048387,23.1086075206695,80,54.628455839351,1.0488395992228e-10,0
q256_50000_exhale_ts_with_fat,literature,256,50000,exhale,ts_with_fat,2.84229947307531,3.81728305178192,48.4451260579635,5.11678442048387,23.1086075206695,90,42.4163813083356,4.71093246358117e-10,2.1316282072803e-14
q256_50000_exhale_ts_with_fat,literature,256,50000,exhale,ts_with_fat,2.84229947307531,3.81728305178192,48.4451260579635,5.11678442048387,23.1086075206695,110,41.1499538148997,1.5406032364177e-10,7.105427357601e-15
q256_50000_exhale_ts_with_fat,literature,256,50000,exhale,ts_with_fat,2.84229947307531,3.81728305178192,48.4451260579635,5.11678442048387,23.1086075206695,120,35.7444450155017,8.35085502931836e-10,7.105427357601e-15
q256_50000_exhale_ts_with_fat,literature,256,50000,exhale,ts_with_fat,2.84229947307531,3.81728305178192,48.4451260579635,5.11678442048387,23.1086075206695,130,32.8686104008581,1.71494479767458e-10,7.105427357601e-15
q256_50000_exhale_ts_with_fat,literature,256,50000,exhale,ts_with_fat,2.84229947307531,3.81728305178192,48.4451260579635,5.11678442048387,23.1086075206695,140,29.9536408750813,7.60162472574018e-10,1.4210854715202e-14
q256_100000_inhale_ts_without_fat,literature,256,100000,inhale,ts_without_fat,2.76358599815597,9.31525292470551,48.0976735255785,4.64880905754772,23.040605218284,50,48.1436209869808,3.55585051712378e-10,0
q256_100000_inhale_ts_without_fat,literature,256,100000,inhale,ts_without_fat,2.76358599815597,9.31525292470551,48.0976735255785,4.64880905754772,23.040605218284,60,47.6556899994037,3.54207192187073e-10,0
q256_100000_inhale_ts_without_fat,literature,256,100000,inhale,ts_without_fat,2.76358599815597,9.31525292470551,48.0976735255785,4.64880905754772,23.040605218284,70,37.1304509715098,4.88731695819e-10,7.105427357601e-15
q256_100000_inhale_ts_without_fat,literature,256,100000,inhale,ts_without_fat,2.76358599815597,9.31525292470551,48.0976735255785,4.64880905754772,23.040605218284,80,38.6375771318897,5.15079368460451e-10,0
q256_100000_inhale_ts_without_fat,literature,256,100000,inhale,ts_without_fat,2.76358599815597,9.31525292470551,48.0976735255785,4.64880905754772,23.040605218284,90,33.3133456255217,6.32769524081619e-10,1.4210854715202e-14
q256_100000_inhale_ts_without_fat,literature,256,100000,inhale,ts_without_fat,2.76358599815597,9.31525292470551,48.0976735255785,4.64880905754772,23.040605218284,110,31.5672513946758,5.79431582071933e-10,7.105427357601e-15
q256_100000_inhale_ts_without_fat,literature,256,100000,inhale,ts_without_fat,2.76358599815597,9.31525292470551,48.0976735255785,4.64880905754772,23.040605218284,120,29.4202963133511,7.4727072728427e-10,7.105427357601e-15
q256_100000_inhale_ts_without_fat,literature,256,100000,inhale,ts_without_fat,2.76358599815597,9.31525292470551,48.0976735255785,4.64880905754772,23.040605218284,130,27.2616888745621,8.12655487177675e-10,3.5527136788005e-15
q256_100000_inhale_ts_without_fat,literature,256,100000,inhale,ts_without_fat,2.76358599815597,9.31525292470551,48.0976735255785,4.64880905754772,23.040605218284,140,26.6848897176681,8.75404626494941e-10,7.105427357601e-15
q256_100000_inhale_ts_with_fat,literature,256,100000,inhale,ts_with_fat,2.76358599815597,9.31525292470551,48.0976735255785,4.64880905754772,23.040605218284,50,80.9210060817774,1.11880009421841e-10,0
q256_100000_inhale_ts_with_fat,literature,256,100000,inhale,ts_with_fat,2.76358599815597,9.31525292470551,48.0976735255785,4.64880905754772,23.040605218284,60,75.4464517762455,4.05219516860306e-10,1.4210854715202e-14
q256_100000_inhale_ts_with_fat,literature,256,100000,inhale,ts_with_fat,2.76358599815597,9.31525292470551,48.0976735255785,4.64880905754772,23.040605218284,70,52.2139034957564,4.12844489982955e-10,2.8421709430404e-14
q256_100000_inhale_ts_with_fat,literature,256,100000,inhale,ts_with_fat,2.76358599815597,9.31525292470551,48.0976735255785,4.64880905754772,23.040605218284,80,54.7380061943532,1.75987534403069e-10,1.4210854715202e-14
q256_100000_inhale_ts_with_fat,literature,256,100000,inhale,ts_with_fat,2.76358599815597,9.31525292470551,48.0976735255785,4.64880905754772,23.040605218284,90,43.0953455683074,3.27069717164763e-10,7.105427357601e-15
q256_100000_inhale_ts_with_fat,literature,256,100000,inhale,ts_with_fat,2.76358599815597,9.31525292470551,48.0976735255785,4.64880905754772,23.040605218284,110,42.4657896258947,1.53603826948709e-10,2.1316282072803e-14
q256_100000_inhale_ts_with_fat,literature,256,100000,inhale,ts_with_fat,2.76358599815597,9.31525292470551,48.0976735255785,4.64880905754772,23.040605218284,120,37.550571783939,5.58874991286221e-10,7.105427357601e-15
q256_100000_inhale_ts_with_fat,literature,256,100000,inhale,ts_with_fat,2.76358599815597,9.31525292470551,48.0976735255785,4.64880905754772,23.040605218284,130,34.8738918496134,3.04429798820398e-10,1.4210854715202e-14
q256_100000_inhale_ts_with_fat,literature,256,100000,inhale,ts_with_fat,2.76358599815597,9.31525292470551,48.0976735255785,4.64880905754772,23.040605218284,140,32.3227889741282,8.66549962017105e-10,2.1316282072803e-14
q256_100000_exhale_ts_without_fat,literature,256,100000,exhale,ts_without_fat,2.76358599815597,3.68169408073288,48.0976735255785,4.64880905754772,23.040605218284,50,47.7239184157945,2.60838526617651e-10,2.1316282072803e-14
q256_100000_exhale_ts_without_fat,literature,256,100000,exhale,ts_without_fat,2.76358599815597,3.68169408073288,48.0976735255785,4.64880905754772,23.040605218284,60,47.0074255014693,3.50394432372541e-10,2.8421709430404e-14
q256_100000_exhale_ts_without_fat,literature,256,100000,exhale,ts_without_fat,2.76358599815597,3.68169408073288,48.0976735255785,4.64880905754772,23.040605218284,70,36.3472844932579,3.85800567650955e-10,7.105427357601e-15
q256_100000_exhale_ts_without_fat,literature,256,100000,exhale,ts_without_fat,2.76358599815597,3.68169408073288,48.0976735255785,4.64880905754772,23.040605218284,80,37.6296978538521,4.66439352750159e-10,2.8421709430404e-14
q256_100000_exhale_ts_without_fat,literature,256,100000,exhale,ts_without_fat,2.76358599815597,3.68169408073288,48.0976735255785,4.64880905754772,23.040605218284,90,32.1129859607833,4.92876174341417e-10,1.4210854715202e-14
q256_100000_exhale_ts_without_fat,literature,256,100000,exhale,ts_without_fat,2.76358599815597,3.68169408073288,48.0976735255785,4.64880905754772,23.040605218284,110,29.9718797883133,5.60949418507737e-10,3.5527136788005e-15
q256_100000_exhale_ts_without_fat,literature,256,100000,exhale,ts_without_fat,2.76358599815597,3.68169408073288,48.0976735255785,4.64880905754772,23.040605218284,120,27.562928465186,6.00688181071552e-10,1.06581410364015e-14
q256_100000_exhale_ts_without_fat,literature,256,100000,exhale,ts_without_fat,2.76358599815597,3.68169408073288,48.0976735255785,4.64880905754772,23.040605218284,130,25.3187440963973,7.16224708528944e-10,2.8421709430404e-14
q256_100000_exhale_ts_without_fat,literature,256,100000,exhale,ts_without_fat,2.76358599815597,3.68169408073288,48.0976735255785,4.64880905754772,23.040605218284,140,24.4969387893091,8.13176615355924e-10,3.5527136788005e-15
q256_100000_exhale_ts_with_fat,literature,256,100000,exhale,ts_with_fat,2.76358599815597,3.68169408073288,48.0976735255785,4.64880905754772,23.040605218284,50,80.3082021247592,1.45217251889238e-10,1.4210854715202e-14
q256_100000_exhale_ts_with_fat,literature,256,100000,exhale,ts_with_fat,2.76358599815597,3.68169408073288,48.0976735255785,4.64880905754772,23.040605218284,60,74.4533218770816,4.12946689562293e-10,2.8421709430404e-14
q256_100000_exhale_ts_with_fat,literature,256,100000,exhale,ts_with_fat,2.76358599815597,3.68169408073288,48.0976735255785,4.64880905754772,23.040605218284,70,51.0395139814166,4.59328310028191e-10,2.1316282072803e-14
q256_100000_exhale_ts_with_fat,literature,256,100000,exhale,ts_with_fat,2.76358599815597,3.68169408073288,48.0976735255785,4.64880905754772,23.040605218284,80,53.2522785945439,1.95358507304358e-10,7.105427357601e-15
q256_100000_exhale_ts_with_fat,literature,256,100000,exhale,ts_with_fat,2.76358599815597,3.68169408073288,48.0976735255785,4.64880905754772,23.040605218284,90,41.3103087922262,2.63388311126973e-10,7.105427357601e-15
q256_100000_exhale_ts_with_fat,literature,256,100000,exhale,ts_with_fat,2.76358599815597,3.68169408073288,48.0976735255785,4.64880905754772,23.040605218284,110,40.0713177270814,2.27987778034156e-10,3.5527136788005e-14
q256_100000_exhale_ts_with_fat,literature,256,100000,exhale,ts_with_fat,2.76358599815597,3.68169408073288,48.0976735255785,4.64880905754772,23.040605218284,120,34.7825482937527,6.69467372800535e-10,0
q256_100000_exhale_ts_with_fat,literature,256,100000,exhale,ts_with_fat,2.76358599815597,3.68169408073288,48.0976735255785,4.64880905754772,23.040605218284,130,31.979026977908,2.73925369175037e-10,1.4210854715202e-14
q256_100000_exhale_ts_with_fat,literature,256,100000,exhale,ts_with_fat,2.76358599815597,3.68169408073288,48.0976735255785,4.64880905754772,23.040605218284,140,29.1131278410358,8.87209729094317e-10,1.06581410364015e-14
q1024_50000_inhale_ts_without_fat,literature,1024,50000,inhale,ts_without_fat,2.84229947307531,9.74127148952717,48.4451260579635,5.11678442048387,23.1086075206695,50,49.5148710695426,1.73570358666392e-10,0
q1024_50000_inhale_ts_without_fat,literature,1024,50000,inhale,ts_without_fat,2.84229947307531,9.74127148952717,48.4451260579635,5.11678442048387,23.1086075206695,60,49.0363803298847,2.88149141752214e-10,1.4210854715202e-14
q1024_50000_inhale_ts_without_fat,literature,1024,50000,inhale,ts_without_fat,2.84229947307531,9.74127148952717,48.4451260579635,5.11678442048387,23.1086075206695,70,38.2010232900998,2.44377274362781e-10,1.4210854715202e-14
q1024_50000_inhale_ts_without_fat,literature,1024,50000,inhale,ts_without_fat,2.84229947307531,9.74127148952717,48.4451260579635,5.11678442048387,23.1086075206695,80,39.7530895230787,2.89514127217716e-10,2.1316282072803e-14
q1024_50000_inhale_ts_without_fat,literature,1024,50000,inhale,ts_without_fat,2.84229947307531,9.74127148952717,48.4451260579635,5.11678442048387,23.1086075206695,90,34.2790654117418,2.25930056910866e-10,1.4210854715202e-14
q1024_50000_inhale_ts_without_fat,literature,1024,50000,inhale,ts_without_fat,2.84229947307531,9.74127148952717,48.4451260579635,5.11678442048387,23.1086075206695,110,32.4987427538269,2.19318949598812e-10,1.4210854715202e-14
q1024_50000_inhale_ts_without_fat,literature,1024,50000,inhale,ts_without_fat,2.84229947307531,9.74127148952717,48.4451260579635,5.11678442048387,23.1086075206695,120,30.2867247801101,4.45581292082381e-10,0
q1024_50000_inhale_ts_without_fat,literature,1024,50000,inhale,ts_without_fat,2.84229947307531,9.74127148952717,48.4451260579635,5.11678442048387,23.1086075206695,130,28.0691417780836,3.88805284220508e-10,1.77635683940025e-14
q1024_50000_inhale_ts_without_fat,literature,1024,50000,inhale,ts_without_fat,2.84229947307531,9.74127148952717,48.4451260579635,5.11678442048387,23.1086075206695,140,27.4805695697899,4.97023258000372e-10,3.5527136788005e-15
q1024_50000_inhale_ts_with_fat,literature,1024,50000,inhale,ts_with_fat,2.84229947307531,9.74127148952717,48.4451260579635,5.11678442048387,23.1086075206695,50,82.6566201768069,1.79904025497226e-10,1.4210854715202e-14
q1024_50000_inhale_ts_with_fat,literature,1024,50000,inhale,ts_with_fat,2.84229947307531,9.74127148952717,48.4451260579635,5.11678442048387,23.1086075206695,60,77.170632198706,3.17226245930504e-10,2.8421709430404e-14
q1024_50000_inhale_ts_with_fat,literature,1024,50000,inhale,ts_with_fat,2.84229947307531,9.74127148952717,48.4451260579635,5.11678442048387,23.1086075206695,70,53.5425927485059,3.49744307159519e-10,7.105427357601e-15
q1024_50000_inhale_ts_with_fat,literature,1024,50000,inhale,ts_with_fat,2.84229947307531,9.74127148952717,48.4451260579635,5.11678442048387,23.1086075206695,80,56.1520002796724,3.92090876243151e-10,7.105427357601e-15
q1024_50000_inhale_ts_with_fat,literature,1024,50000,inhale,ts_with_fat,2.84229947307531,9.74127148952717,48.4451260579635,5.11678442048387,23.1086075206695,90,44.2207443270525,2.46962967163197e-10,1.4210854715202e-14
q1024_50000_inhale_ts_with_fat,literature,1024,50000,inhale,ts_with_fat,2.84229947307531,9.74127148952717,48.4451260579635,5.11678442048387,23.1086075206695,110,43.6476072216299,5.12266051682029e-10,3.5527136788005e-14
q1024_50000_inhale_ts_with_fat,literature,1024,50000,inhale,ts_with_fat,2.84229947307531,9.74127148952717,48.4451260579635,5.11678442048387,23.1086075206695,120,38.6453836412385,5.09869507900431e-10,0
q1024_50000_inhale_ts_with_fat,literature,1024,50000,inhale,ts_with_fat,2.84229947307531,9.74127148952717,48.4451260579635,5.11678442048387,23.1086075206695,130,35.8732076732257,5.9128800572487e-10,1.4210854715202e-14
q1024_50000_inhale_ts_with_fat,literature,1024,50000,inhale,ts_with_fat,2.84229947307531,9.74127148952717,48.4451260579635,5.11678442048387,23.1086075206695,140,33.2727344354678,6.52246111068736e-10,2.8421709430404e-14
q1024_50000_exhale_ts_without_fat,literature,1024,50000,exhale,ts_without_fat,2.84229947307531,3.81728305178192,48.4451260579635,5.11678442048387,23.1086075206695,50,49.0808894752766,1.60264019494242e-10,0
q1024_50000_exhale_ts_without_fat,literature,1024,50000,exhale,ts_without_fat,2.84229947307531,3.81728305178192,48.4451260579635,5.11678442048387,23.1086075206695,60,48.3660457139558,2.26316133736172e-10,1.4210854715202e-14
q1024_50000_exhale_ts_without_fat,literature,1024,50000,exhale,ts_without_fat,2.84229947307531,3.81728305178192,48.4451260579635,5.11678442048387,23.1086075206695,70,37.3912358359386,1.89382278086742e-10,1.4210854715202e-14
q1024_50000_exhale_ts_without_fat,literature,1024,50000,exhale,ts_without_fat,2.84229947307531,3.81728305178192,48.4451260579635,5.11678442048387,23.1086075206695,80,38.7111267522161,3.31006133959998e-10,7.105427357601e-15
q1024_50000_exhale_ts_without_fat,literature,1024,50000,exhale,ts_without_fat,2.84229947307531,3.81728305178192,48.4451260579635,5.11678442048387,23.1086075206695,90,33.038083558789,2.18799231900848e-10,1.4210854715202e-14
q1024_50000_exhale_ts_without_fat,literature,1024,50000,exhale,ts_without_fat,2.84229947307531,3.81728305178192,48.4451260579635,5.11678442048387,23.1086075206695,110,30.8494312924807,4.4936235852856e-10,1.06581410364015e-14
q1024_50000_exhale_ts_without_fat,literature,1024,50000,exhale,ts_without_fat,2.84229947307531,3.81728305178192,48.4451260579635,5.11678442048387,23.1086075206695,120,28.3668542907274,2.8999755787516e-10,1.4210854715202e-14
q1024_50000_exhale_ts_without_fat,literature,1024,50000,exhale,ts_without_fat,2.84229947307531,3.81728305178192,48.4451260579635,5.11678442048387,23.1086075206695,130,26.0610626344328,4.39712325452666e-10,7.105427357601e-15
q1024_50000_exhale_ts_without_fat,literature,1024,50000,exhale,ts_without_fat,2.84229947307531,3.81728305178192,48.4451260579635,5.11678442048387,23.1086075206695,140,25.2193969885428,2.57646272463164e-10,1.77635683940025e-14
q1024_50000_exhale_ts_with_fat,literature,1024,50000,exhale,ts_with_fat,2.84229947307531,3.81728305178192,48.4451260579635,5.11678442048387,23.1086075206695,50,82.0232162498488,1.24102352995792e-10,1.4210854715202e-14
q1024_50000_exhale_ts_with_fat,literature,1024,50000,exhale,ts_with_fat,2.84229947307531,3.81728305178192,48.4451260579635,5.11678442048387,23.1086075206695,60,76.1463321822098,1.37637589163057e-10,0
q1024_50000_exhale_ts_with_fat,literature,1024,50000,exhale,ts_with_fat,2.84229947307531,3.81728305178192,48.4451260579635,5.11678442048387,23.1086075206695,70,52.3305894899176,1.66609539633202e-10,0
q1024_50000_exhale_ts_with_fat,literature,1024,50000,exhale,ts_with_fat,2.84229947307531,3.81728305178192,48.4451260579635,5.11678442048387,23.1086075206695,80,54.6176279051548,1.9456757072655e-10,2.8421709430404e-14
q1024_50000_exhale_ts_with_fat,literature,1024,50000,exhale,ts_with_fat,2.84229947307531,3.81728305178192,48.4451260579635,5.11678442048387,23.1086075206695,90,42.3771577518478,1.69403111491356e-10,7.105427357601e-15
q1024_50000_exhale_ts_with_fat,literature,1024,50000,exhale,ts_with_fat,2.84229947307531,3.81728305178192,48.4451260579635,5.11678442048387,23.1086075206695,110,41.1745844737692,2.74244032942971e-10,0
q1024_50000_exhale_ts_with_fat,literature,1024,50000,exhale,ts_with_fat,2.84229947307531,3.81728305178192,48.4451260579635,5.11678442048387,23.1086075206695,120,35.7873883205213,2.43879291608266e-10,7.105427357601e-15
q1024_50000_exhale_ts_with_fat,literature,1024,50000,exhale,ts_with_fat,2.84229947307531,3.81728305178192,48.4451260579635,5.11678442048387,23.1086075206695,130,32.8846282293664,2.2215620224918e-10,1.4210854715202e-14
q1024_50000_exhale_ts_with_fat,literature,1024,50000,exhale,ts_with_fat,2.84229947307531,3.81728305178192,48.4451260579635,5.11678442048387,23.1086075206695,140,29.9593756290487,3.81474007739468e-10,1.06581410364015e-14
q1024_100000_inhale_ts_without_fat,literature,1024,100000,inhale,ts_without_fat,2.76358599815597,9.31525292470551,48.0976735255785,4.64880905754772,23.040605218284,50,48.1437837481303,2.46350684684388e-10,1.4210854715202e-14
q1024_100000_inhale_ts_without_fat,literature,1024,100000,inhale,ts_without_fat,2.76358599815597,9.31525292470551,48.0976735255785,4.64880905754772,23.040605218284,60,47.6559582691725,2.83956921165059e-10,1.4210854715202e-14
q1024_100000_inhale_ts_without_fat,literature,1024,100000,inhale,ts_without_fat,2.76358599815597,9.31525292470551,48.0976735255785,4.64880905754772,23.040605218284,70,37.1307842570313,2.73509996334415e-10,0
q1024_100000_inhale_ts_without_fat,literature,1024,100000,inhale,ts_without_fat,2.76358599815597,9.31525292470551,48.0976735255785,4.64880905754772,23.040605218284,80,38.638023870083,4.16107636814767e-10,2.8421709430404e-14
q1024_100000_inhale_ts_without_fat,literature,1024,100000,inhale,ts_without_fat,2.76358599815597,9.31525292470551,48.0976735255785,4.64880905754772,23.040605218284,90,33.313880722812,4.53533355967178e-10,7.105427357601e-15
q1024_100000_inhale_ts_without_fat,literature,1024,100000,inhale,ts_without_fat,2.76358599815597,9.31525292470551,48.0976735255785,4.64880905754772,23.040605218284,110,31.5679302802799,5.37982277696745e-10,1.06581410364015e-14
q1024_100000_inhale_ts_without_fat,literature,1024,100000,inhale,ts_without_fat,2.76358599815597,9.31525292470551,48.0976735255785,4.64880905754772,23.040605218284,120,29.4210165794237,3.87854246392839e-10,7.105427357601e-15
q1024_100000_inhale_ts_without_fat,literature,1024,100000,inhale,ts_without_fat,2.76358599815597,9.31525292470551,48.0976735255785,4.64880905754772,23.040605218284,130,27.2623212449585,6.6217769654949e-10,3.5527136788005e-15
q1024_100000_inhale_ts_without_fat,literature,1024,100000,inhale,ts_without_fat,2.76358599815597,9.31525292470551,48.0976735255785,4.64880905754772,23.040605218284,140,26.6853695490574,6.05806339787853e-10,7.105427357601e-15
q1024_100000_inhale_ts_with_fat,literature,1024,100000,inhale,ts_with_fat,2.76358599815597,9.31525292470551,48.0976735255785,4.64880905754772,23.040605218284,50,80.6962333110385,1.96215479954152e-10,0
q1024_100000_inhale_ts_with_fat,literature,1024,100000,inhale,ts_with_fat,2.76358599815597,9.31525292470551,48.0976735255785,4.64880905754772,23.040605218284,60,75.2181054269441,1.43651365048569e-10,0
q1024_100000_inhale_ts_with_fat,literature,1024,100000,inhale,ts_with_fat,2.76358599815597,9.31525292470551,48.0976735255785,4.64880905754772,23.040605218284,70,52.1383989884088,2.27490285760565e-10,2.8421709430404e-14
q1024_100000_inhale_ts_with_fat,literature,1024,100000,inhale,ts_with_fat,2.76358599815597,9.31525292470551,48.0976735255785,4.64880905754772,23.040605218284,80,54.7269778168747,2.5698260665151e-10,1.4210854715202e-14
q1024_100000_inhale_ts_with_fat,literature,1024,100000,inhale,ts_with_fat,2.76358599815597,9.31525292470551,48.0976735255785,4.64880905754772,23.040605218284,90,43.0565729200388,3.49278943486551e-10,1.4210854715202e-14
q1024_100000_inhale_ts_with_fat,literature,1024,100000,inhale,ts_with_fat,2.76358599815597,9.31525292470551,48.0976735255785,4.64880905754772,23.040605218284,110,42.4902715687248,3.04671964261557e-10,7.105427357601e-15
q1024_100000_inhale_ts_with_fat,literature,1024,100000,inhale,ts_with_fat,2.76358599815597,9.31525292470551,48.0976735255785,4.64880905754772,23.040605218284,120,37.5923978513847,1.5153796369966e-10,7.105427357601e-15
q1024_100000_inhale_ts_with_fat,literature,1024,100000,inhale,ts_with_fat,2.76358599815597,9.31525292470551,48.0976735255785,4.64880905754772,23.040605218284,130,34.8888454029105,2.53558908553601e-10,1.4210854715202e-14
q1024_100000_inhale_ts_with_fat,literature,1024,100000,inhale,ts_with_fat,2.76358599815597,9.31525292470551,48.0976735255785,4.64880905754772,23.040605218284,140,32.327183091882,3.92066895698047e-10,0
q1024_100000_exhale_ts_without_fat,literature,1024,100000,exhale,ts_without_fat,2.76358599815597,3.68169408073288,48.0976735255785,4.64880905754772,23.040605218284,50,47.7240320578912,1.16449379524077e-10,7.105427357601e-15
q1024_100000_exhale_ts_without_fat,literature,1024,100000,exhale,ts_without_fat,2.76358599815597,3.68169408073288,48.0976735255785,4.64880905754772,23.040605218284,60,47.0076312418959,2.44146010805883e-10,0
q1024_100000_exhale_ts_without_fat,literature,1024,100000,exhale,ts_without_fat,2.76358599815597,3.68169408073288,48.0976735255785,4.64880905754772,23.040605218284,70,36.34755568945,3.54443670603131e-10,2.8421709430404e-14
q1024_100000_exhale_ts_without_fat,literature,1024,100000,exhale,ts_without_fat,2.76358599815597,3.68169408073288,48.0976735255785,4.64880905754772,23.040605218284,80,37.6300754457586,1.71993047659541e-10,0
q1024_100000_exhale_ts_without_fat,literature,1024,100000,exhale,ts_without_fat,2.76358599815597,3.68169408073288,48.0976735255785,4.64880905754772,23.040605218284,90,32.1134573799123,3.22791411925558e-10,0
q1024_100000_exhale_ts_without_fat,literature,1024,100000,exhale,ts_without_fat,2.76358599815597,3.68169408073288,48.0976735255785,4.64880905754772,23.040605218284,110,29.972520297385,2.19663756661318e-10,3.5527136788005e-15
q1024_100000_exhale_ts_without_fat,literature,1024,100000,exhale,ts_without_fat,2.76358599815597,3.68169408073288,48.0976735255785,4.64880905754772,23.040605218284,120,27.5636700403764,5.05579432839377e-10,7.105427357601e-15
q1024_100000_exhale_ts_without_fat,literature,1024,100000,exhale,ts_without_fat,2.76358599815597,3.68169408073288,48.0976735255785,4.64880905754772,23.040605218284,130,25.3195031183605,3.10897394218012e-10,3.5527136788005e-15
q1024_100000_exhale_ts_without_fat,literature,1024,100000,exhale,ts_without_fat,2.76358599815597,3.68169408073288,48.0976735255785,4.64880905754772,23.040605218284,140,24.4976793145292,5.4595401140518e-10,7.105427357601e-15
q1024_100000_exhale_ts_with_fat,literature,1024,100000,exhale,ts_with_fat,2.76358599815597,3.68169408073288,48.0976735255785,4.64880905754772,23.040605218284,50,80.083275684737,1.24885502410482e-10,0
q1024_100000_exhale_ts_with_fat,literature,1024,100000,exhale,ts_with_fat,2.76358599815597,3.68169408073288,48.0976735255785,4.64880905754772,23.040605218284,60,74.2262701171807,1.79370487145102e-10,1.4210854715202e-14
q1024_100000_exhale_ts_with_fat,literature,1024,100000,exhale,ts_with_fat,2.76358599815597,3.68169408073288,48.0976735255785,4.64880905754772,23.040605218284,70,50.9649879929442,1.66142053122936e-10,2.1316282072803e-14
q1024_100000_exhale_ts_with_fat,literature,1024,100000,exhale,ts_with_fat,2.76358599815597,3.68169408073288,48.0976735255785,4.64880905754772,23.040605218284,80,53.2416223455108,1.44278886632707e-10,2.1316282072803e-14
q1024_100000_exhale_ts_with_fat,literature,1024,100000,exhale,ts_with_fat,2.76358599815597,3.68169408073288,48.0976735255785,4.64880905754772,23.040605218284,90,41.271716644053,2.15550594206552e-10,2.1316282072803e-14
q1024_100000_exhale_ts_with_fat,literature,1024,100000,exhale,ts_with_fat,2.76358599815597,3.68169408073288,48.0976735255785,4.64880905754772,23.040605218284,110,40.0955761140317,4.20602882430546e-10,1.4210854715202e-14
q1024_100000_exhale_ts_with_fat,literature,1024,100000,exhale,ts_with_fat,2.76358599815597,3.68169408073288,48.0976735255785,4.64880905754772,23.040605218284,120,34.8248452450005,3.05846874468153e-10,1.4210854715202e-14
q1024_100000_exhale_ts_with_fat,literature,1024,100000,exhale,ts_with_fat,2.76358599815597,3.68169408073288,48.0976735255785,4.64880905754772,23.040605218284,130,31.9947587168864,3.64505809439208e-10,7.105427357601e-15
q1024_100000_exhale_ts_with_fat,literature,1024,100000,exhale,ts_with_fat,2.76358599815597,3.68169408073288,48.0976735255785,4.64880905754772,23.040605218284,140,29.1187814131605,3.33539121967521e-10,7.105427357601e-15
equal_ts_without_fat,equal_material_limit,1024,50000,control,ts_without_fat,4,4,4,4,4,50,68.2741496857183,1.09055431739675e-10,4.2632564145606e-14
equal_ts_without_fat,equal_material_limit,1024,50000,control,ts_without_fat,4,4,4,4,4,60,67.2582479535671,1.14473346350709e-10,2.8421709430404e-14
equal_ts_without_fat,equal_material_limit,1024,50000,control,ts_without_fat,4,4,4,4,4,70,51.4211503290861,1.39629303140115e-10,3.5527136788005e-14
equal_ts_without_fat,equal_material_limit,1024,50000,control,ts_without_fat,4,4,4,4,4,80,52.9344881964629,2.17747116162178e-10,1.4210854715202e-14
equal_ts_without_fat,equal_material_limit,1024,50000,control,ts_without_fat,4,4,4,4,4,90,44.6888456742046,2.0864059387466e-10,1.4210854715202e-14
equal_ts_without_fat,equal_material_limit,1024,50000,control,ts_without_fat,4,4,4,4,4,110,41.2898870654694,1.32948984920568e-10,1.4210854715202e-14
equal_ts_without_fat,equal_material_limit,1024,50000,control,ts_without_fat,4,4,4,4,4,120,37.3481461672526,2.05179019387504e-10,2.1316282072803e-14
equal_ts_without_fat,equal_material_limit,1024,50000,control,ts_without_fat,4,4,4,4,4,130,34.0570924017232,2.35669359341855e-10,0
equal_ts_without_fat,equal_material_limit,1024,50000,control,ts_without_fat,4,4,4,4,4,140,32.5836457431944,3.48945062611554e-10,7.105427357601e-15
equal_ts_with_fat,equal_material_limit,1024,50000,control,ts_with_fat,4,4,4,4,4,50,68.2741496856199,9.08854213951453e-11,1.4210854715202e-14
equal_ts_with_fat,equal_material_limit,1024,50000,control,ts_with_fat,4,4,4,4,4,60,67.258247953586,1.15241421244809e-10,2.8421709430404e-14
equal_ts_with_fat,equal_material_limit,1024,50000,control,ts_with_fat,4,4,4,4,4,70,51.4211503291077,1.29574165269706e-10,2.8421709430404e-14
equal_ts_with_fat,equal_material_limit,1024,50000,control,ts_with_fat,4,4,4,4,4,80,52.9344881961979,1.269766450328e-10,0
equal_ts_with_fat,equal_material_limit,1024,50000,control,ts_with_fat,4,4,4,4,4,90,44.688845674451,2.68809216013889e-10,2.1316282072803e-14
equal_ts_with_fat,equal_material_limit,1024,50000,control,ts_with_fat,4,4,4,4,4,110,41.2898870649935,2.33706803721978e-10,7.105427357601e-15
equal_ts_with_fat,equal_material_limit,1024,50000,control,ts_with_fat,4,4,4,4,4,120,37.3481461673274,1.70974100784991e-10,7.105427357601e-15
equal_ts_with_fat,equal_material_limit,1024,50000,control,ts_with_fat,4,4,4,4,4,130,34.0570924010652,3.125866418455e-10,1.4210854715202e-14
equal_ts_with_fat,equal_material_limit,1024,50000,control,ts_with_fat,4,4,4,4,4,140,32.583645743324,2.42127375667523e-10,7.105427357601e-15
equal_homogeneous,equal_material_limit,1024,50000,control,homogeneous,4,4,4,4,4,50,68.2741496861891,1.38052974052013e-10,1.4210854715202e-14
equal_homogeneous,equal_material_limit,1024,50000,control,homogeneous,4,4,4,4,4,60,67.2582479544314,9.79476729959694e-11,1.4210854715202e-14
equal_homogeneous,equal_material_limit,1024,50000,control,homogeneous,4,4,4,4,4,70,51.4211503301505,7.26253417333141e-11,0
equal_homogeneous,equal_material_limit,1024,50000,control,homogeneous,4,4,4,4,4,80,52.9344881978229,1.66999853541921e-10,2.8421709430404e-14
equal_homogeneous,equal_material_limit,1024,50000,control,homogeneous,4,4,4,4,4,90,44.6888456751738,1.66529907393473e-10,0
equal_homogeneous,equal_material_limit,1024,50000,control,homogeneous,4,4,4,4,4,110,41.2898870679763,1.98727697717335e-10,0
equal_homogeneous,equal_material_limit,1024,50000,control,homogeneous,4,4,4,4,4,120,37.3481461707345,1.60197956421496e-10,0
equal_homogeneous,equal_material_limit,1024,50000,control,homogeneous,4,4,4,4,4,130,34.0570924052231,1.64294744799391e-10,2.8421709430404e-14
equal_homogeneous,equal_material_limit,1024,50000,control,homogeneous,4,4,4,4,4,140,32.5836457479277,1.77141749072585e-10,0
fat_equal_ts_without_fat,fat_equal_limit,1024,50000,control,ts_without_fat,3,10,48,5,3,50,52.2346980746493,3.65577821584237e-10,0
fat_equal_ts_without_fat,fat_equal_limit,1024,50000,control,ts_without_fat,3,10,48,5,3,60,51.7620535297925,2.31578930654903e-10,2.8421709430404e-14
fat_equal_ts_without_fat,fat_equal_limit,1024,50000,control,ts_without_fat,3,10,48,5,3,70,40.2958637948854,2.2691066248323e-10,0
fat_equal_ts_without_fat,fat_equal_limit,1024,50000,control,ts_without_fat,3,10,48,5,3,80,41.9234933103625,5.29176563973783e-10,0
fat_equal_ts_without_fat,fat_equal_limit,1024,50000,control,ts_without_fat,3,10,48,5,3,90,36.1371307192542,6.80688049187065e-10,7.105427357601e-15
fat_equal_ts_without_fat,fat_equal_limit,1024,50000,control,ts_without_fat,3,10,48,5,3,110,34.2638701151551,7.03832471454754e-10,7.105427357601e-15
fat_equal_ts_without_fat,fat_equal_limit,1024,50000,control,ts_without_fat,3,10,48,5,3,120,31.9041140076855,4.81872885469619e-10,1.4210854715202e-14
fat_equal_ts_without_fat,fat_equal_limit,1024,50000,control,ts_without_fat,3,10,48,5,3,130,29.5632045974744,9.3071516090889e-10,0
fat_equal_ts_without_fat,fat_equal_limit,1024,50000,control,ts_without_fat,3,10,48,5,3,140,28.9357832303231,3.18681875636072e-10,3.5527136788005e-15
fat_equal_ts_with_fat,fat_equal_limit,1024,50000,control,ts_with_fat,3,10,48,5,3,50,52.2346980764104,9.37735351889217e-11,1.4210854715202e-14
fat_equal_ts_with_fat,fat_equal_limit,1024,50000,control,ts_with_fat,3,10,48,5,3,60,51.7620535283019,2.49548244812395e-10,1.4210854715202e-14
fat_equal_ts_with_fat,fat_equal_limit,1024,50000,control,ts_with_fat,3,10,48,5,3,70,40.2958637935649,1.77498463092768e-10,0
fat_equal_ts_with_fat,fat_equal_limit,1024,50000,control,ts_with_fat,3,10,48,5,3,80,41.9234933151049,3.09949135354256e-10,1.4210854715202e-14
fat_equal_ts_with_fat,fat_equal_limit,1024,50000,control,ts_with_fat,3,10,48,5,3,90,36.1371307237778,3.4684007021887e-10,7.105427357601e-15
fat_equal_ts_with_fat,fat_equal_limit,1024,50000,control,ts_with_fat,3,10,48,5,3,110,34.2638701236968,2.31634355936386e-10,7.105427357601e-15
fat_equal_ts_with_fat,fat_equal_limit,1024,50000,control,ts_with_fat,3,10,48,5,3,120,31.9041140043566,5.28087237384277e-10,2.1316282072803e-14
fat_equal_ts_with_fat,fat_equal_limit,1024,50000,control,ts_with_fat,3,10,48,5,3,130,29.5632046092912,3.77434127434622e-10,0
fat_equal_ts_with_fat,fat_equal_limit,1024,50000,control,ts_with_fat,3,10,48,5,3,140,28.9357832254102,4.66058217627701e-10,7.105427357601e-15
