request_id,kind,frequency_hz,state,model,rho1,rho2,rho_bone,rho_heart,L_mm,Z,dZ_dlogrho1,dZ_dlogrho2,dZ_dlogrho_bone,dZ_dlogrho_heart,relative_residual,reciprocity_abs
50000_inhale_two_tissue,literature,50000,inhale,two_tissue,2.84229947307531,9.74127148952717,48.4451260579635,5.11678442048387,50,49.1093526097317,48.5602292929972,0.322554714365443,0,0,1.89916411832869e-10,7.105427357601e-15
50000_inhale_two_tissue,literature,50000,inhale,two_tissue,2.84229947307531,9.74127148952717,48.4451260579635,5.11678442048387,60,48.4304395080948,48.4079438240025,0.499419399531053,0,0,2.48636204350294e-10,0
50000_inhale_two_tissue,literature,50000,inhale,two_tissue,2.84229947307531,9.74127148952717,48.4451260579635,5.11678442048387,70,37.4886462774982,36.9212356762981,0.601205166564451,0,0,2.40811851334824e-10,2.8421709430404e-14
50000_inhale_two_tissue,literature,50000,inhale,two_tissue,2.84229947307531,9.74127148952717,48.4451260579635,5.11678442048387,80,38.8551682040107,38.064208575341,0.774489578947684,0,0,2.62681924355391e-10,7.105427357601e-15
50000_inhale_two_tissue,literature,50000,inhale,two_tissue,2.84229947307531,9.74127148952717,48.4451260579635,5.11678442048387,90,33.2399725477074,32.2599719071606,0.91978861616079,0,0,3.49016784840616e-10,1.4210854715202e-14
50000_inhale_two_tissue,literature,50000,inhale,two_tissue,2.84229947307531,9.74127148952717,48.4451260579635,5.11678442048387,110,31.1875995950673,30.2368421712247,1.21406433105729,0,0,5.09538737563466e-10,0
50000_inhale_two_tissue,literature,50000,inhale,two_tissue,2.84229947307531,9.74127148952717,48.4451260579635,5.11678442048387,120,28.7967074796332,27.3667818079239,1.40803016516488,0,0,4.87250174636784e-10,3.5527136788005e-15
50000_inhale_two_tissue,literature,50000,inhale,two_tissue,2.84229947307531,9.74127148952717,48.4451260579635,5.11678442048387,130,26.5351141041081,25.0943540476825,1.46023343282383,0,0,4.30087171020089e-10,3.5527136788005e-15
50000_inhale_two_tissue,literature,50000,inhale,two_tissue,2.84229947307531,9.74127148952717,48.4451260579635,5.11678442048387,140,25.7664242954956,24.1823009650653,1.63259516497989,0,0,5.4832951504346e-10,1.4210854715202e-14
50000_inhale_bones,literature,50000,inhale,bones,2.84229947307531,9.74127148952717,48.4451260579635,5.11678442048387,50,49.3568965099514,48.7433143363869,0.364475039839368,0.0226220798107638,0,1.46675317226889e-10,1.4210854715202e-14
50000_inhale_bones,literature,50000,inhale,bones,2.84229947307531,9.74127148952717,48.4451260579635,5.11678442048387,60,48.7988908630088,48.6798746209429,0.563224486968461,0.0334805777493809,0,2.00572262547953e-10,2.8421709430404e-14
50000_inhale_bones,literature,50000,inhale,bones,2.84229947307531,9.74127148952717,48.4451260579635,5.11678442048387,70,37.9206691078222,37.2387269391756,0.677266463096728,0.0392747710902942,0,1.84857350871618e-10,2.8421709430404e-14
50000_inhale_bones,literature,50000,inhale,bones,2.84229947307531,9.74127148952717,48.4451260579635,5.11678442048387,80,39.3947522369569,38.4566839699868,0.871248732934285,0.048853348586026,0,1.47657120993939e-10,1.4210854715202e-14
50000_inhale_bones,literature,50000,inhale,bones,2.84229947307531,9.74127148952717,48.4451260579635,5.11678442048387,90,33.8638244330066,32.7130389170453,1.03354381699273,0.0564508990434953,0,1.86039249098526e-10,1.4210854715202e-14
50000_inhale_bones,literature,50000,inhale,bones,2.84229947307531,9.74127148952717,48.4451260579635,5.11678442048387,110,31.9633776324578,30.7942948237741,1.36396385494962,0.0698364483644886,0,2.69158152798545e-10,3.5527136788005e-15
50000_inhale_bones,literature,50000,inhale,bones,2.84229947307531,9.74127148952717,48.4451260579635,5.11678442048387,120,29.6646769660354,27.9813284946977,1.58277083692701,0.0777464270047599,0,2.67270611970956e-10,3.5527136788005e-15
50000_inhale_bones,literature,50000,inhale,bones,2.84229947307531,9.74127148952717,48.4451260579635,5.11678442048387,130,27.4171581669137,25.7113875293942,1.64563686088833,0.0786514725971144,0,2.93410140854312e-10,7.105427357601e-15
50000_inhale_bones,literature,50000,inhale,bones,2.84229947307531,9.74127148952717,48.4451260579635,5.11678442048387,140,26.7346555419536,24.8543649981525,1.84364515616234,0.0858489048741163,0,3.25387520529629e-10,1.06581410364015e-14
50000_inhale_bones_heart,literature,50000,inhale,bones_heart,2.84229947307531,9.74127148952717,48.4451260579635,5.11678442048387,50,49.3634814314353,48.7383015423997,0.366239930994148,0.0226839838089101,0.00978413738246395,1.3882967108064e-10,0
50000_inhale_bones_heart,literature,50000,inhale,bones_heart,2.84229947307531,9.74127148952717,48.4451260579635,5.11678442048387,60,48.8093913088346,48.6718778528214,0.566062461393705,0.0335774428616818,0.0155928829914032,2.26642368692166e-10,2.8421709430404e-14
50000_inhale_bones_heart,literature,50000,inhale,bones_heart,2.84229947307531,9.74127148952717,48.4451260579635,5.11678442048387,70,37.9337388079925,37.2287124234263,0.680847332446393,0.0393958482687602,0.0194183637083774,2.02173103051245e-10,1.4210854715202e-14
50000_inhale_bones_heart,literature,50000,inhale,bones_heart,2.84229947307531,9.74127148952717,48.4451260579635,5.11678442048387,80,39.4122081608226,38.4432022000404,0.876055015863142,0.0490124490723978,0.0259217371520735,2.15168466721555e-10,1.4210854715202e-14
50000_inhale_bones_heart,literature,50000,inhale,bones_heart,2.84229947307531,9.74127148952717,48.4451260579635,5.11678442048387,90,33.8852660072479,32.6964354398314,1.03953503901046,0.0566463627269642,0.0318510962588359,1.90171186416514e-10,2.1316282072803e-14
50000_inhale_bones_heart,literature,50000,inhale,bones_heart,2.84229947307531,9.74127148952717,48.4451260579635,5.11678442048387,110,31.9944637583594,30.7700102772708,1.37292967652269,0.0701171550998755,0.0461887664464982,2.50872096293412e-10,3.5527136788005e-15
50000_inhale_bones_heart,literature,50000,inhale,bones_heart,2.84229947307531,9.74127148952717,48.4451260579635,5.11678442048387,120,29.7032907340914,27.9509222371591,1.59404674115266,0.0780905113945151,0.0573551096544387,4.33175895222944e-10,7.105427357601e-15
50000_inhale_bones_heart,literature,50000,inhale,bones_heart,2.84229947307531,9.74127148952717,48.4451260579635,5.11678442048387,130,27.4596960722713,25.6775068107246,1.65839203866631,0.0790293391236706,0.0632053472574634,4.18461136126186e-10,3.5527136788005e-15
50000_inhale_bones_heart,literature,50000,inhale,bones_heart,2.84229947307531,9.74127148952717,48.4451260579635,5.11678442048387,140,26.7859127405722,24.81351842496,1.85919308346263,0.0862986837184508,0.0761411129019378,4.26324777456211e-10,0
50000_exhale_two_tissue,literature,50000,exhale,two_tissue,2.84229947307531,3.81728305178192,48.4451260579635,5.11678442048387,50,48.7368502529641,48.0452656744998,0.464609403606876,0,0,1.01565795266235e-10,0
50000_exhale_two_tissue,literature,50000,exhale,two_tissue,2.84229947307531,3.81728305178192,48.4451260579635,5.11678442048387,60,47.8541589382042,47.6112906011898,0.718488669258195,0,0,2.13055869679412e-10,1.4210854715202e-14
50000_exhale_two_tissue,literature,50000,exhale,two_tissue,2.84229947307531,3.81728305178192,48.4451260579635,5.11678442048387,70,36.7946424479319,35.9610132583867,0.865826409606777,0,0,2.16245838592665e-10,2.8421709430404e-14
50000_exhale_two_tissue,literature,50000,exhale,two_tissue,2.84229947307531,3.81728305178192,48.4451260579635,5.11678442048387,80,37.9611445517818,36.8313934337933,1.11569050855868,0,0,2.26087724866926e-10,0
50000_exhale_two_tissue,literature,50000,exhale,two_tissue,2.84229947307531,3.81728305178192,48.4451260579635,5.11678442048387,90,32.1782424043396,30.7932202162172,1.32549721649389,0,0,2.90990063900079e-10,7.105427357601e-15
50000_exhale_two_tissue,literature,50000,exhale,two_tissue,2.84229947307531,3.81728305178192,48.4451260579635,5.11678442048387,110,29.7845196952256,28.2903128041164,1.75513220373705,0,0,2.15314826474337e-10,7.105427357601e-15
50000_exhale_two_tissue,literature,50000,exhale,two_tissue,2.84229947307531,3.81728305178192,48.4451260579635,5.11678442048387,120,27.1678516965196,25.1072717059523,2.0405298056396,0,0,3.55421359221506e-10,0
50000_exhale_two_tissue,literature,50000,exhale,two_tissue,2.84229947307531,3.81728305178192,48.4451260579635,5.11678442048387,130,24.8421985419772,22.7380333788405,2.12608939381437,0,0,2.52331090675358e-10,7.105427357601e-15
50000_exhale_two_tissue,literature,50000,exhale,two_tissue,2.84229947307531,3.81728305178192,48.4451260579635,5.11678442048387,140,23.8683409512148,21.52503825683,2.39075437686953,0,0,5.24748197246109e-10,1.4210854715202e-14
50000_exhale_bones,literature,50000,exhale,bones,2.84229947307531,3.81728305178192,48.4451260579635,5.11678442048387,50,48.9485890650066,48.2059794869955,0.495374417744046,0.0203060237857502,0,1.23916015201799e-10,7.105427357601e-15
50000_exhale_bones,literature,50000,exhale,bones,2.84229947307531,3.81728305178192,48.4451260579635,5.11678442048387,60,48.1679528953955,47.8485467807178,0.765740588349658,0.0299363774398443,0,1.39457924394746e-10,7.105427357601e-15
50000_exhale_bones,literature,50000,exhale,bones,2.84229947307531,3.81728305178192,48.4451260579635,5.11678442048387,70,37.1612203294338,36.2361945162393,0.922918104266035,0.0349848684707607,0,1.67454748326358e-10,7.105427357601e-15
50000_exhale_bones,literature,50000,exhale,bones,2.84229947307531,3.81728305178192,48.4451260579635,5.11678442048387,80,38.4170955952422,37.1691928843386,1.18926285945643,0.0433282411107371,0,2.10444556582247e-10,1.4210854715202e-14
50000_exhale_bones,literature,50000,exhale,bones,2.84229947307531,3.81728305178192,48.4451260579635,5.11678442048387,90,32.7032423155135,31.179995316872,1.41337770223106,0.049831158289001,0,2.1122861187116e-10,2.1316282072803e-14
50000_exhale_bones,literature,50000,exhale,bones,2.84229947307531,3.81728305178192,48.4451260579635,5.11678442048387,110,30.4275278862488,28.7521093615662,1.87705364101855,0.0604632506887121,0,2.09421398224032e-10,0
50000_exhale_bones,literature,50000,exhale,bones,2.84229947307531,3.81728305178192,48.4451260579635,5.11678442048387,120,27.8789324418251,25.6040933595979,2.18772265670451,0.0662856476015666,0,2.95611621554848e-10,7.105427357601e-15
50000_exhale_bones,literature,50000,exhale,bones,2.84229947307531,3.81728305178192,48.4451260579635,5.11678442048387,130,25.555415354946,23.2228515592228,2.28789333469167,0.0658810458281824,0,4.30671397429408e-10,3.5527136788005e-15
50000_exhale_bones,literature,50000,exhale,bones,2.84229947307531,3.81728305178192,48.4451260579635,5.11678442048387,140,24.6418709140509,22.0383489981471,2.58085840111067,0.0707082555210951,0,3.17104246784568e-10,0
50000_exhale_bones_heart,literature,50000,exhale,bones_heart,2.84229947307531,3.81728305178192,48.4451260579635,5.11678442048387,50,48.9529676082627,48.2012525854871,0.498107092720131,0.0203382477770047,0.00634988496723697,1.15508283380547e-10,2.1316282072803e-14
50000_exhale_bones_heart,literature,50000,exhale,bones_heart,2.84229947307531,3.81728305178192,48.4451260579635,5.11678442048387,60,48.1749191740566,47.8410209955176,0.770105175760253,0.0299869142951596,0.010096496702959,1.95221858515248e-10,7.105427357601e-15
50000_exhale_bones_heart,literature,50000,exhale,bones_heart,2.84229947307531,3.81728305178192,48.4451260579635,5.11678442048387,70,37.1698625588266,36.2268211118627,0.928361749213581,0.0350480057820935,0.0125322507397725,1.43311189259027e-10,1.4210854715202e-14
50000_exhale_bones_heart,literature,50000,exhale,bones_heart,2.84229947307531,3.81728305178192,48.4451260579635,5.11678442048387,80,38.4286261504777,37.156624279928,1.19653412378473,0.0434113768958668,0.0167121597558342,2.05985946726547e-10,1.4210854715202e-14
50000_exhale_bones_heart,literature,50000,exhale,bones_heart,2.84229947307531,3.81728305178192,48.4451260579635,5.11678442048387,90,32.7173528152934,31.1645877462096,1.4223305038458,0.0499332834798196,0.0204582199229408,2.25789922637606e-10,2.1316282072803e-14
50000_exhale_bones_heart,literature,50000,exhale,bones_heart,2.84229947307531,3.81728305178192,48.4451260579635,5.11678442048387,110,30.4478216666687,28.7298341768803,1.89009247220996,0.0606100890388806,0.029429283515759,2.56895150190725e-10,3.5527136788005e-15
50000_exhale_bones_heart,literature,50000,exhale,bones_heart,2.84229947307531,3.81728305178192,48.4451260579635,5.11678442048387,120,27.9040687679863,25.5763705785648,2.2039312829873,0.0664657821778877,0.0364400382776846,2.29533354700438e-10,3.5527136788005e-15
50000_exhale_bones_heart,literature,50000,exhale,bones_heart,2.84229947307531,3.81728305178192,48.4451260579635,5.11678442048387,130,25.5829110771606,23.1922955803699,2.30582112944972,0.0660792153330709,0.0398727344462255,3.09680114153979e-10,1.4210854715202e-14
50000_exhale_bones_heart,literature,50000,exhale,bones_heart,2.84229947307531,3.81728305178192,48.4451260579635,5.11678442048387,140,24.6749210583929,22.0016657029159,2.60246209780653,0.0709440966335683,0.0479155846579447,2.89698160948246e-10,1.06581410364015e-14
100000_inhale_two_tissue,literature,100000,inhale,two_tissue,2.76358599815597,9.31525292470551,48.0976735255785,4.64880905754772,50,47.7502607005118,47.2154559403942,0.316308876729894,0,0,2.03557390633324e-10,1.4210854715202e-14
100000_inhale_two_tissue,literature,100000,inhale,two_tissue,2.76358599815597,9.31525292470551,48.0976735255785,4.64880905754772,60,47.0680546007898,47.0447164418978,0.489713422030986,0,0,1.82416688576472e-10,1.4210854715202e-14
100000_inhale_two_tissue,literature,100000,inhale,two_tissue,2.76358599815597,9.31525292470551,48.0976735255785,4.64880905754772,70,36.439740859938,35.8846838372201,0.589521038514901,0,0,1.36142441074697e-10,0
100000_inhale_two_tissue,literature,100000,inhale,two_tissue,2.76358599815597,9.31525292470551,48.0976735255785,4.64880905754772,80,37.7669775537597,36.9929312892478,0.759534911511188,0,0,3.15409788862387e-10,0
100000_inhale_two_tissue,literature,100000,inhale,two_tissue,2.76358599815597,9.31525292470551,48.0976735255785,4.64880905754772,90,32.3061448175506,31.3454923392535,0.90196307602442,0,0,1.40738342757347e-10,2.1316282072803e-14
100000_inhale_two_tissue,literature,100000,inhale,two_tissue,2.76358599815597,9.31525292470551,48.0976735255785,4.64880905754772,110,30.297003692249,29.3618601785573,1.19046534084571,0,0,4.07944348162844e-10,3.5527136788005e-15
100000_inhale_two_tissue,literature,100000,inhale,two_tissue,2.76358599815597,9.31525292470551,48.0976735255785,4.64880905754772,120,27.9769510493165,26.5748441447549,1.38078728640278,0,0,2.43128214777753e-10,3.19744231092045e-14
100000_inhale_two_tissue,literature,100000,inhale,two_tissue,2.76358599815597,9.31525292470551,48.0976735255785,4.64880905754772,130,25.7760081460166,24.3630418883696,1.43207046987441,0,0,5.03368174341902e-10,3.5527136788005e-15
100000_inhale_two_tissue,literature,100000,inhale,two_tissue,2.76358599815597,9.31525292470551,48.0976735255785,4.64880905754772,140,25.0250173553854,23.4709458805261,1.60114628267017,0,0,1.69891712075409e-10,0
100000_inhale_bones,literature,100000,inhale,bones,2.76358599815597,9.31525292470551,48.0976735255785,4.64880905754772,50,47.9907230735787,47.3936345010798,0.357132587952751,0.0215327300535458,0,2.35686025787557e-10,0
100000_inhale_bones,literature,100000,inhale,bones,2.76358599815597,9.31525292470551,48.0976735255785,4.64880905754772,60,47.4259212624954,47.3093246673345,0.551849796499549,0.0318634383325,0,2.50987029599936e-10,2.8421709430404e-14
100000_inhale_bones,literature,100000,inhale,bones,2.76358599815597,9.31525292470551,48.0976735255785,4.64880905754772,70,36.8593352205379,36.1936135326847,0.663599174709764,0.0373767958323607,0,3.27885361341707e-10,0
100000_inhale_bones,literature,100000,inhale,bones,2.76358599815597,9.31525292470551,48.0976735255785,4.64880905754772,80,38.2910746812725,37.3748125502172,0.853792324948603,0.046494995023766,0,4.55038219299464e-10,2.1316282072803e-14
100000_inhale_bones,literature,100000,inhale,bones,2.76358599815597,9.31525292470551,48.0976735255785,4.64880905754772,90,32.9120283251452,31.7862770252712,1.0127812624,0.0537197304911795,0,3.8188694887588e-10,2.1316282072803e-14
100000_inhale_bones,literature,100000,inhale,bones,2.76358599815597,9.31525292470551,48.0976735255785,4.64880905754772,110,31.0502350155308,29.9039219324923,1.33655211057056,0.0664341320547911,0,4.05852908818299e-10,2.8421709430404e-14
100000_inhale_bones,literature,100000,inhale,bones,2.76358599815597,9.31525292470551,48.0976735255785,4.64880905754772,120,28.8196405964974,27.1722946996466,1.55115624933954,0.0739495584432411,0,4.5840566207691e-10,7.105427357601e-15
100000_inhale_bones,literature,100000,inhale,bones,2.76358599815597,9.31525292470551,48.0976735255785,4.64880905754772,130,26.6322275429205,24.9627068997309,1.61290712309441,0.0747913876550075,0,6.18642726737243e-10,1.06581410364015e-14
100000_inhale_bones,literature,100000,inhale,bones,2.76358599815597,9.31525292470551,48.0976735255785,4.64880905754772,140,25.9647194974517,24.1238248812295,1.80706114580343,0.0816132233724555,0,6.46328145681688e-10,1.4210854715202e-14
100000_inhale_bones_heart,literature,100000,inhale,bones_heart,2.76358599815597,9.31525292470551,48.0976735255785,4.64880905754772,50,47.9964447977857,47.3879799810514,0.358683279139306,0.0215849979972588,0.0097845222492695,2.71352360837216e-10,1.4210854715202e-14
100000_inhale_bones_heart,literature,100000,inhale,bones_heart,2.76358599815597,9.31525292470551,48.0976735255785,4.64880905754772,60,47.4350451643654,47.3003053992487,0.554343011137039,0.031945213929292,0.015594573366577,2.56782237937687e-10,1.4210854715202e-14
100000_inhale_bones_heart,literature,100000,inhale,bones_heart,2.76358599815597,9.31525292470551,48.0976735255785,4.64880905754772,70,36.8706903098791,36.1823359436222,0.666744236500574,0.0374790115794586,0.0194170008908575,2.96026099280549e-10,1.4210854715202e-14
100000_inhale_bones_heart,literature,100000,inhale,bones_heart,2.76358599815597,9.31525292470551,48.0976735255785,4.64880905754772,80,38.3062433943989,37.359654314071,0.858014120950227,0.0466293265209027,0.0259264905837849,4.36748147666196e-10,2.8421709430404e-14
100000_inhale_bones_heart,literature,100000,inhale,bones_heart,2.76358599815597,9.31525292470551,48.0976735255785,4.64880905754772,90,32.9306572147448,31.7676238897557,1.01804211470633,0.053884741731154,0.0318499619712254,3.36987299404542e-10,1.4210854715202e-14
100000_inhale_bones_heart,literature,100000,inhale,bones_heart,2.76358599815597,9.31525292470551,48.0976735255785,4.64880905754772,110,31.077236751985,29.8766990189296,1.34442025881152,0.0666710594460186,0.046174502226689,3.99791954891437e-10,1.4210854715202e-14
100000_inhale_bones_heart,literature,100000,inhale,bones_heart,2.76358599815597,9.31525292470551,48.0976735255785,4.64880905754772,120,28.8531829792643,27.1382699950572,1.56105022461904,0.0742399890704609,0.0573430268109194,5.26073884895553e-10,0
100000_inhale_bones_heart,literature,100000,inhale,bones_heart,2.76358599815597,9.31525292470551,48.0976735255785,4.64880905754772,130,26.6691733138106,24.9248961813267,1.62409407515178,0.0751103154247829,0.0631804462441224,4.36635390485564e-10,1.4210854715202e-14
100000_inhale_bones_heart,literature,100000,inhale,bones_heart,2.76358599815597,9.31525292470551,48.0976735255785,4.64880905754772,140,26.0092336111969,24.0782521135843,1.82069342103538,0.0819927967735634,0.0761051471051985,6.38763333303397e-10,3.5527136788005e-15
100000_exhale_two_tissue,literature,100000,exhale,two_tissue,2.76358599815597,3.68169408073288,48.0976735255785,4.64880905754772,50,47.3896699716334,46.7181722401463,0.452621965921207,0,0,1.45994611218405e-10,0
100000_exhale_two_tissue,literature,100000,exhale,two_tissue,2.76358599815597,3.68169408073288,48.0976735255785,4.64880905754772,60,46.5102293074439,46.2754200627709,0.699925273996469,0,0,6.98077450336507e-11,2.8421709430404e-14
100000_exhale_two_tissue,literature,100000,exhale,two_tissue,2.76358599815597,3.68169408073288,48.0976735255785,4.64880905754772,70,35.7679550477087,34.9573876235959,0.843470341673182,0,0,3.02016063296396e-11,2.1316282072803e-14
100000_exhale_two_tissue,literature,100000,exhale,two_tissue,2.76358599815597,3.68169408073288,48.0976735255785,4.64880905754772,80,36.9014508775353,35.8022451867608,1.0870484584476,0,0,1.5541750387279e-10,7.105427357601e-15
100000_exhale_two_tissue,literature,100000,exhale,two_tissue,2.76358599815597,3.68169408073288,48.0976735255785,4.64880905754772,90,31.2783128163273,29.9288715505309,1.2914123987649,0,0,4.16604698903669e-11,2.48689957516035e-14
100000_exhale_two_tissue,literature,100000,exhale,two_tissue,2.76358599815597,3.68169408073288,48.0976735255785,4.64880905754772,110,28.9387579685704,27.4818373197075,1.70997930570877,0,0,2.38948512838887e-10,1.77635683940025e-14
100000_exhale_two_tissue,literature,100000,exhale,two_tissue,2.76358599815597,3.68169408073288,48.0976735255785,4.64880905754772,120,26.3999727818371,24.3921953884519,1.98826532478492,0,0,2.17350280153566e-10,3.5527136788005e-15
100000_exhale_two_tissue,literature,100000,exhale,two_tissue,2.76358599815597,3.68169408073288,48.0976735255785,4.64880905754772,130,24.1369029700132,22.0866138695474,2.0717706819509,0,0,2.07793017327834e-10,3.5527136788005e-15
100000_exhale_two_tissue,literature,100000,exhale,two_tissue,2.76358599815597,3.68169408073288,48.0976735255785,4.64880905754772,140,23.1872387581303,20.90364816236,2.32968741620823,0,0,2.21301638974768e-10,1.06581410364015e-14
100000_exhale_bones,literature,100000,exhale,bones,2.76358599815597,3.68169408073288,48.0976735255785,4.64880905754772,50,47.5957111617514,46.8751237715073,0.482379056875675,0.0193704033894412,0,8.34502881075398e-11,2.1316282072803e-14
100000_exhale_bones,literature,100000,exhale,bones,2.76358599815597,3.68169408073288,48.0976735255785,4.64880905754772,60,46.8155472149801,46.507104702175,0.74563670470606,0.0285530353928078,0,1.70555347914322e-10,7.105427357601e-15
100000_exhale_bones,literature,100000,exhale,bones,2.76358599815597,3.68169408073288,48.0976735255785,4.64880905754772,70,36.1246185094334,35.2261056147695,0.898717770620853,0.0333672225655215,0,1.5527495737246e-10,1.4210854715202e-14
100000_exhale_bones,literature,100000,exhale,bones,2.76358599815597,3.68169408073288,48.0976735255785,4.64880905754772,80,37.3451039341453,36.1321217323074,1.15827249591387,0.0413270614496394,0,1.97008526709059e-10,0
100000_exhale_bones,literature,100000,exhale,bones,2.76358599815597,3.68169408073288,48.0976735255785,4.64880905754772,90,31.7891007062331,30.3065391490894,1.37651069554098,0.0475237566963377,0,2.03286754467354e-10,2.1316282072803e-14
100000_exhale_bones,literature,100000,exhale,bones,2.76358599815597,3.68169408073288,48.0976735255785,4.64880905754772,110,29.5641864723991,27.9325825287594,1.82814678118101,0.0576431627519558,0,2.15510897633556e-10,7.105427357601e-15
100000_exhale_bones,literature,100000,exhale,bones,2.76358599815597,3.68169408073288,48.0976735255785,4.64880905754772,120,27.0915603182701,24.8770698253222,2.13102319344433,0.0631859479182807,0,2.47336682308584e-10,7.105427357601e-15
100000_exhale_bones,literature,100000,exhale,bones,2.76358599815597,3.68169408073288,48.0976735255785,4.64880905754772,130,24.8304420752404,22.5596534982138,2.22879317598796,0.0627849549287426,0,1.29146531741473e-10,2.1316282072803e-14
100000_exhale_bones,literature,100000,exhale,bones,2.76358599815597,3.68169408073288,48.0976735255785,4.64880905754772,140,23.9392595110902,21.4043103019412,2.51425172346674,0.0673657127826111,0,3.25791164397513e-10,7.105427357601e-15
100000_exhale_bones_heart,literature,100000,exhale,bones_heart,2.76358599815597,3.68169408073288,48.0976735255785,4.64880905754772,50,47.5995226896372,46.8701546098112,0.484760378803667,0.0193976795017345,0.00638005038453727,1.42697805975839e-10,7.105427357601e-15
100000_exhale_bones_heart,literature,100000,exhale,bones_heart,2.76358599815597,3.68169408073288,48.0976735255785,4.64880905754772,60,46.821611488744,46.4991943026005,0.749440152155067,0.0285958081281475,0.010145414629584,1.20600932343694e-10,7.105427357601e-15
100000_exhale_bones_heart,literature,100000,exhale,bones_heart,2.76358599815597,3.68169408073288,48.0976735255785,4.64880905754772,70,36.1321411501008,35.2162608136448,0.903461112545381,0.0334206647515531,0.012591187915003,1.74185799134826e-10,0
100000_exhale_bones_heart,literature,100000,exhale,bones_heart,2.76358599815597,3.68169408073288,48.0976735255785,4.64880905754772,80,37.355142716909,36.1189292343455,1.1646096343404,0.041397440522015,0.0167951164927752,2.11946846541219e-10,1.4210854715202e-14
100000_exhale_bones_heart,literature,100000,exhale,bones_heart,2.76358599815597,3.68169408073288,48.0976735255785,4.64880905754772,90,31.801384014138,30.2903741369276,1.38431214733419,0.0476102084185189,0.0205561963309973,2.14855805399895e-10,3.19744231092045e-14
100000_exhale_bones_heart,literature,100000,exhale,bones_heart,2.76358599815597,3.68169408073288,48.0976735255785,4.64880905754772,110,29.5818495799687,27.9092358240669,1.83950671357484,0.0577674647055537,0.0295647823772224,3.38854828453469e-10,3.5527136788005e-15
100000_exhale_bones_heart,literature,100000,exhale,bones_heart,2.76358599815597,3.68169408073288,48.0976735255785,4.64880905754772,120,27.1134406202655,24.8480350232989,2.145145883582,0.063338449330414,0.0366131111594942,2.14109932185169e-10,1.06581410364015e-14
100000_exhale_bones_heart,literature,100000,exhale,bones_heart,2.76358599815597,3.68169408073288,48.0976735255785,4.64880905754772,130,24.854374526801,22.5276944802327,2.24441235343015,0.0629527397057658,0.0400580620833256,2.52095037608653e-10,3.5527136788005e-15
100000_exhale_bones_heart,literature,100000,exhale,bones_heart,2.76358599815597,3.68169408073288,48.0976735255785,4.64880905754772,140,23.9680247675901,21.3659379337136,2.53307185084669,0.0675653775858514,0.0481364944659144,2.22536697470177e-10,1.4210854715202e-14
equal_two_tissue,equal_material_limit,50000,control,two_tissue,4,16,4,4,50,69.0650764328953,68.295599322215,0.418148611145594,0,0,9.32789466057901e-11,1.4210854715202e-14
equal_two_tissue,equal_material_limit,50000,control,two_tissue,4,16,4,4,60,68.4822353724883,68.4576014737031,0.64788747973353,0,0,1.88725152974662e-10,0
equal_two_tissue,equal_material_limit,50000,control,two_tissue,4,16,4,4,70,52.8954326149208,52.1365133990173,0.779912200029445,0,0,1.81455261285309e-10,0
equal_two_tissue,equal_material_limit,50000,control,two_tissue,4,16,4,4,80,54.8308657318098,53.780408067645,1.00324416274326,0,0,1.9574150397785e-10,1.4210854715202e-14
equal_two_tissue,equal_material_limit,50000,control,two_tissue,4,16,4,4,90,46.94283830219,45.6701455203088,1.19242486756005,0,0,1.96799951103395e-10,1.4210854715202e-14
equal_two_tissue,equal_material_limit,50000,control,two_tissue,4,16,4,4,110,44.2731530198694,43.0814166504155,1.57532635065138,0,0,2.27712089045556e-10,0
equal_two_tissue,equal_material_limit,50000,control,two_tissue,4,16,4,4,120,40.8096032799891,38.9544675226772,1.82504431989888,0,0,2.22867258258656e-10,0
equal_two_tissue,equal_material_limit,50000,control,two_tissue,4,16,4,4,130,37.656809934757,35.7887547728684,1.89158203612608,0,0,3.45114838769847e-10,1.4210854715202e-14
equal_two_tissue,equal_material_limit,50000,control,two_tissue,4,16,4,4,140,36.6255510024915,34.5785015151292,2.11479502322387,0,0,2.93855845674626e-10,2.1316282072803e-14
equal_bones,equal_material_limit,50000,control,bones,4,16,4,4,50,69.0650764328953,68.0076945648872,0.418148611145594,0.287904757625258,0,9.81280539511899e-11,2.8421709430404e-14
equal_bones,equal_material_limit,50000,control,bones,4,16,4,4,60,68.4822353724883,68.0266297416798,0.64788747973353,0.430971732413856,0,1.39405367629047e-10,1.4210854715202e-14
equal_bones,equal_material_limit,50000,control,bones,4,16,4,4,70,52.8954326149208,51.6309253217755,0.779912200029444,0.505588076539084,0,8.00790320854159e-11,1.4210854715202e-14
equal_bones,equal_material_limit,50000,control,bones,4,16,4,4,80,54.8308657318098,53.1472211654352,1.00324416274326,0.63318690187187,0,1.54767454466748e-10,1.4210854715202e-14
equal_bones,equal_material_limit,50000,control,bones,4,16,4,4,90,46.94283830219,44.9366978782539,1.19242486756005,0.733447643455632,0,2.61952065245768e-10,2.1316282072803e-14
equal_bones,equal_material_limit,50000,control,bones,4,16,4,4,110,44.2731530198694,42.1631164349816,1.57532635065138,0.918300217730719,0,2.72972898556535e-10,0
equal_bones,equal_material_limit,50000,control,bones,4,16,4,4,120,40.8096032799891,37.9227292892685,1.82504431989888,1.03173823585452,0,3.45992057657623e-10,7.105427357601e-15
equal_bones,equal_material_limit,50000,control,bones,4,16,4,4,130,37.656809934757,34.7366388298665,1.89158203612609,1.05211594083996,0,4.37200370679839e-10,0
equal_bones,equal_material_limit,50000,control,bones,4,16,4,4,140,36.6255510024915,33.417068344531,2.11479502322387,1.16143317233679,0,2.35901059073938e-10,2.1316282072803e-14
equal_bones_heart,equal_material_limit,50000,control,bones_heart,4,16,4,4,50,69.0650764328953,67.9914535281295,0.418148611145594,0.287904757625257,0.0162410366713422,1.61162592582873e-10,1.4210854715202e-14
equal_bones_heart,equal_material_limit,50000,control,bones_heart,4,16,4,4,60,68.4822353724883,68.000668662351,0.647887479733529,0.430971732413856,0.0259610790744808,1.17022935343838e-10,1.4210854715202e-14
equal_bones_heart,equal_material_limit,50000,control,bones_heart,4,16,4,4,70,52.8954326149208,51.5986164944763,0.779912200029445,0.505588076539085,0.0323088280349244,9.89370026720923e-11,1.4210854715202e-14
equal_bones_heart,equal_material_limit,50000,control,bones_heart,4,16,4,4,80,54.8308657318098,53.1040631954172,1.00324416274326,0.633186901871871,0.0431579709977439,2.32535975806393e-10,1.4210854715202e-14
equal_bones_heart,equal_material_limit,50000,control,bones_heart,4,16,4,4,90,46.9428383021901,44.8836188255354,1.19242486756005,0.733447643455633,0.0530790541262297,3.28130444057332e-10,2.8421709430404e-14
equal_bones_heart,equal_material_limit,50000,control,bones_heart,4,16,4,4,110,44.2731530198694,42.0859199536478,1.57532635065138,0.918300217730718,0.077196479761006,2.07556759383894e-10,0
equal_bones_heart,equal_material_limit,50000,control,bones_heart,4,16,4,4,120,40.8096032799891,37.8267422588318,1.82504431989888,1.03173823585452,0.0959870300997752,4.24574484755523e-10,7.105427357601e-15
equal_bones_heart,equal_material_limit,50000,control,bones_heart,4,16,4,4,130,37.656809934757,34.6308039416253,1.89158203612609,1.05211594083996,0.10583488890034,4.5517621816805e-10,7.105427357601e-15
equal_bones_heart,equal_material_limit,50000,control,bones_heart,4,16,4,4,140,36.6255510024915,33.2891535339225,2.11479502322387,1.1614331723368,0.127914807948003,2.98147191788585e-10,2.8421709430404e-14
