evaluation,rho_soft_ohm_m,rho_lungs_ohm_m,centre_u_mm,centre_v_mm,phi_deg,objective,fem_slope_ohm_per_mm,h_centre_mm,status,failure_code,engine_version,engine_fingerprint,centre_x_mm,centre_y_mm,centre_z_mm,normal_x,normal_y,normal_z,axis_x,axis_y,axis_z,reconstructed_h_vertex_mm
1,5.3646664546649,24.7069468090815,1.87975438606791,10.6547663507263,-6.875,70.1450696326395,-0.417861242887342,31.1033785118049,evaluated,,trkg4-inverse-auditfix-20260908-v1,2b47758f89b7d0d90520629b36aa97f5ea33917e9f03d41b7d84b1d6be3d5e41,-159.944311083259,-26.5556889167406,-127.442076627245,-0.791395525183078,-0.607736360431558,-0.0659517924669548,-0.000961209508027749,0.109123970029057,-0.994027683337531,31.1033785118049
2,5.3646664546649,24.7069468090815,9.87975438606791,10.6547663507263,-6.875,72.5338621847031,-0.6896943997174,30.0069235034938,evaluated,,trkg4-inverse-auditfix-20260908-v1,2b47758f89b7d0d90520629b36aa97f5ea33917e9f03d41b7d84b1d6be3d5e41,-159.5,-26.6709556542625,-135.362391721404,-0.807712334674029,-0.587935981721431,-0.0439552705905195,-0.0179280063794249,0.0990122363894813,-0.994924702493818,30.0069235034938
3,5.3646664546649,24.7069468090815,-2.12024561393209,10.6547663507263,-6.875,62.8507192130599,-0.496064415766364,32.2159007250251,evaluated,,trkg4-inverse-auditfix-20260908-v1,2b47758f89b7d0d90520629b36aa97f5ea33917e9f03d41b7d84b1d6be3d5e41,-160.5,-26.9395800422231,-123.060419957777,-0.785392276323759,-0.613874907874157,-0.0794768505508332,0.009428898552394,0.116516527787831,-0.993143994909276,32.2159007250251
4,4.6146664546649,24.7069468090815,-2.12024561393209,10.6547663507263,-6.875,110.588695465532,-0.421183754590474,32.2159007250251,evaluated,,trkg4-inverse-auditfix-20260908-v1,2b47758f89b7d0d90520629b36aa97f5ea33917e9f03d41b7d84b1d6be3d5e41,-160.5,-26.9395800422231,-123.060419957777,-0.785392276323759,-0.613874907874157,-0.0794768505508332,0.009428898552394,0.116516527787831,-0.993143994909276,32.2159007250251
5,6.1146664546649,24.7069468090815,-2.12024561393209,10.6547663507263,-6.875,59.7890384142505,-0.572042333419886,32.2159007250251,evaluated,,trkg4-inverse-auditfix-20260908-v1,2b47758f89b7d0d90520629b36aa97f5ea33917e9f03d41b7d84b1d6be3d5e41,-160.5,-26.9395800422231,-123.060419957777,-0.785392276323759,-0.613874907874157,-0.0794768505508332,0.009428898552394,0.116516527787831,-0.993143994909276,32.2159007250251
6,5.3646664546649,21.7069468090815,-2.12024561393209,10.6547663507263,-6.875,63.5583529764347,-0.500702299983457,32.2159007250251,evaluated,,trkg4-inverse-auditfix-20260908-v1,2b47758f89b7d0d90520629b36aa97f5ea33917e9f03d41b7d84b1d6be3d5e41,-160.5,-26.9395800422231,-123.060419957777,-0.785392276323759,-0.613874907874157,-0.0794768505508332,0.009428898552394,0.116516527787831,-0.993143994909276,32.2159007250251
7,5.3646664546649,27.7069468090815,-2.12024561393209,10.6547663507263,-6.875,62.5617923671276,-0.49218898477771,32.2159007250251,evaluated,,trkg4-inverse-auditfix-20260908-v1,2b47758f89b7d0d90520629b36aa97f5ea33917e9f03d41b7d84b1d6be3d5e41,-160.5,-26.9395800422231,-123.060419957777,-0.785392276323759,-0.613874907874157,-0.0794768505508332,0.009428898552394,0.116516527787831,-0.993143994909276,32.2159007250251
8,5.3646664546649,24.7069468090815,-12.1202456139321,10.6547663507263,-6.875,1000000000000,NaN,NaN,invalid_geometry,trkg4:electrodeDiagnostics,trkg4-inverse-auditfix-20260908-v1,2b47758f89b7d0d90520629b36aa97f5ea33917e9f03d41b7d84b1d6be3d5e41,-161.441302466324,-27.0586975336759,-113,-0.770331027075042,-0.619563853002914,-0.150767174072128,0.064324952602759,0.159731066014964,-0.985062580256897,34.3298681060209
9,5.3646664546649,24.7069468090815,7.87975438606791,10.6547663507263,-6.875,48.2594070941804,-0.485645658418825,30.4849289802345,evaluated,,trkg4-inverse-auditfix-20260908-v1,2b47758f89b7d0d90520629b36aa97f5ea33917e9f03d41b7d84b1d6be3d5e41,-159.609640798794,-26.647011246331,-133.243347954875,-0.805615650964283,-0.590812238293427,-0.0438670947762116,-0.0180595764169955,0.0985010990854834,-0.994973057513916,30.4849289802345
10,5.3646664546649,24.7069468090815,-2.12024561393209,0.6547663507263,-6.875,115.053918636209,-0.481214938930827,35.4362230486578,evaluated,,trkg4-inverse-auditfix-20260908-v1,2b47758f89b7d0d90520629b36aa97f5ea33917e9f03d41b7d84b1d6be3d5e41,-165.9626991275,-18.5373008724996,-123.666410927236,-0.835240818303035,-0.548357933172217,-0.0409432847677181,-0.0193214105365508,0.103678597755178,-0.994423165187939,35.4362230486578
11,5.3646664546649,24.7069468090815,-2.12024561393209,20.6547663507263,-6.875,1000000000000,NaN,NaN,invalid_geometry,trkg4:electrodeDiagnostics,trkg4-inverse-auditfix-20260908-v1,2b47758f89b7d0d90520629b36aa97f5ea33917e9f03d41b7d84b1d6be3d5e41,-154.5,-35,-123.297427233094,-0.800774686995117,-0.598011602348145,-0.0337938474411621,-0.0262161364332123,0.0913595572641394,-0.995472825087162,29.6075552391005
12,5.3646664546649,24.7069468090815,-2.12024561393209,10.6547663507263,-11.875,1000000000000,NaN,NaN,invalid_geometry,trkg4:electrodeDiagnostics,trkg4-inverse-auditfix-20260908-v1,2b47758f89b7d0d90520629b36aa97f5ea33917e9f03d41b7d84b1d6be3d5e41,-160.5,-26.9395800422231,-123.060419957777,-0.785392276323759,-0.613874907874157,-0.0794768505508332,-0.0445499839930211,0.184120603640543,-0.981893528974126,32.2159007250251
13,5.3646664546649,24.7069468090815,-2.12024561393209,10.6547663507263,-1.875,62.495007200483,-0.465472313073985,32.2159007250251,evaluated,,trkg4-inverse-auditfix-20260908-v1,2b47758f89b7d0d90520629b36aa97f5ea33917e9f03d41b7d84b1d6be3d5e41,-160.5,-26.9395800422231,-123.060419957777,-0.785392276323759,-0.613874907874157,-0.0794768505508332,0.0633360214865007,0.0480256908040506,-0.996836035366426,32.2159007250251
14,4.6146664546649,24.7069468090815,7.87975438606791,10.6547663507263,-6.875,96.6864290257237,-0.411876060136471,30.4849289802345,evaluated,,trkg4-inverse-auditfix-20260908-v1,2b47758f89b7d0d90520629b36aa97f5ea33917e9f03d41b7d84b1d6be3d5e41,-159.609640798794,-26.647011246331,-133.243347954875,-0.805615650964283,-0.590812238293427,-0.0438670947762116,-0.0180595764169955,0.0985010990854834,-0.994973057513916,30.4849289802345
15,6.1146664546649,24.7069468090815,7.87975438606791,10.6547663507263,-6.875,44.8297712009917,-0.560662655974904,30.4849289802345,evaluated,,trkg4-inverse-auditfix-20260908-v1,2b47758f89b7d0d90520629b36aa97f5ea33917e9f03d41b7d84b1d6be3d5e41,-159.609640798794,-26.647011246331,-133.243347954875,-0.805615650964283,-0.590812238293427,-0.0438670947762116,-0.0180595764169955,0.0985010990854834,-0.994973057513916,30.4849289802345
16,5.3646664546649,21.7069468090815,7.87975438606791,10.6547663507263,-6.875,48.6486023737144,-0.490558807211988,30.4849289802345,evaluated,,trkg4-inverse-auditfix-20260908-v1,2b47758f89b7d0d90520629b36aa97f5ea33917e9f03d41b7d84b1d6be3d5e41,-159.609640798794,-26.647011246331,-133.243347954875,-0.805615650964283,-0.590812238293427,-0.0438670947762116,-0.0180595764169955,0.0985010990854834,-0.994973057513916,30.4849289802345
17,5.3646664546649,27.7069468090815,7.87975438606791,10.6547663507263,-6.875,48.2566333176838,-0.481539662537715,30.4849289802345,evaluated,,trkg4-inverse-auditfix-20260908-v1,2b47758f89b7d0d90520629b36aa97f5ea33917e9f03d41b7d84b1d6be3d5e41,-159.609640798794,-26.647011246331,-133.243347954875,-0.805615650964283,-0.590812238293427,-0.0438670947762116,-0.0180595764169955,0.0985010990854834,-0.994973057513916,30.4849289802345
18,5.3646664546649,24.7069468090815,17.8797543860679,10.6547663507263,-6.875,1000000000000,NaN,NaN,invalid_geometry,trkg4:electrodeDiagnostics,trkg4-inverse-auditfix-20260908-v1,2b47758f89b7d0d90520629b36aa97f5ea33917e9f03d41b7d84b1d6be3d5e41,-158.876320931185,-26.6236790688146,-143.282706815564,-0.831654438130123,-0.554405383543131,-0.0313937292602027,-0.0274008005558238,0.0974386224634988,-0.994864267617103,27.9660184345461
19,5.3646664546649,24.7069468090815,7.87975438606791,0.6547663507263,-6.875,72.2071084300061,-0.466382729871335,32.819529788795,evaluated,,trkg4-inverse-auditfix-20260908-v1,2b47758f89b7d0d90520629b36aa97f5ea33917e9f03d41b7d84b1d6be3d5e41,-165.107705282454,-18.3922947175458,-133.566804794936,-0.84652004817741,-0.529695403040192,-0.0531656659114102,-0.00837924735370907,0.113113638015838,-0.993546724169834,32.819529788795
20,5.3646664546649,24.7069468090815,7.87975438606791,20.6547663507263,-6.875,1000000000000,NaN,NaN,invalid_geometry,trkg4:electrodeDiagnostics,trkg4-inverse-auditfix-20260908-v1,2b47758f89b7d0d90520629b36aa97f5ea33917e9f03d41b7d84b1d6be3d5e41,-153.854924270009,-34.6450757299908,-133.197821100793,-0.794963540567231,-0.606317800349784,-0.0202902476035343,-0.0369594569516675,0.0817884294002042,-0.995964181764628,27.4373061448246
21,5.3646664546649,24.7069468090815,7.87975438606791,10.6547663507263,-11.875,76.1414126879379,-0.412763306051779,30.4849289802345,evaluated,,trkg4-inverse-auditfix-20260908-v1,2b47758f89b7d0d90520629b36aa97f5ea33917e9f03d41b7d84b1d6be3d5e41,-159.609640798794,-26.647011246331,-133.243347954875,-0.805615650964283,-0.590812238293427,-0.0438670947762116,-0.0696012792121987,0.167918294578641,-0.98334078949153,30.4849289802345
22,5.3646664546649,24.7069468090815,7.87975438606791,10.6547663507263,-1.875,32.439638860777,-0.528188492533711,30.4849289802345,evaluated,,trkg4-inverse-auditfix-20260908-v1,2b47758f89b7d0d90520629b36aa97f5ea33917e9f03d41b7d84b1d6be3d5e41,-159.609640798794,-26.647011246331,-133.243347954875,-0.805615650964283,-0.590812238293427,-0.0438670947762116,0.0336195706594113,0.0283342507516954,-0.999032979787463,30.4849289802345
23,4.6146664546649,24.7069468090815,7.87975438606791,10.6547663507263,-1.875,75.8528901807809,-0.447789492253441,30.4849289802345,evaluated,,trkg4-inverse-auditfix-20260908-v1,2b47758f89b7d0d90520629b36aa97f5ea33917e9f03d41b7d84b1d6be3d5e41,-159.609640798794,-26.647011246331,-133.243347954875,-0.805615650964283,-0.590812238293427,-0.0438670947762116,0.0336195706594113,0.0283342507516954,-0.999032979787463,30.4849289802345
24,6.1146664546649,24.7069468090815,7.87975438606791,10.6547663507263,-1.875,42.3401592994111,-0.609744236581418,30.4849289802345,evaluated,,trkg4-inverse-auditfix-20260908-v1,2b47758f89b7d0d90520629b36aa97f5ea33917e9f03d41b7d84b1d6be3d5e41,-159.609640798794,-26.647011246331,-133.243347954875,-0.805615650964283,-0.590812238293427,-0.0438670947762116,0.0336195706594113,0.0283342507516954,-0.999032979787463,30.4849289802345
25,5.3646664546649,21.7069468090815,7.87975438606791,10.6547663507263,-1.875,33.5765603381308,-0.533149101789614,30.4849289802345,evaluated,,trkg4-inverse-auditfix-20260908-v1,2b47758f89b7d0d90520629b36aa97f5ea33917e9f03d41b7d84b1d6be3d5e41,-159.609640798794,-26.647011246331,-133.243347954875,-0.805615650964283,-0.590812238293427,-0.0438670947762116,0.0336195706594113,0.0283342507516954,-0.999032979787463,30.4849289802345
26,5.3646664546649,27.7069468090815,7.87975438606791,10.6547663507263,-1.875,31.7798173282538,-0.524044158762586,30.4849289802345,evaluated,,trkg4-inverse-auditfix-20260908-v1,2b47758f89b7d0d90520629b36aa97f5ea33917e9f03d41b7d84b1d6be3d5e41,-159.609640798794,-26.647011246331,-133.243347954875,-0.805615650964283,-0.590812238293427,-0.0438670947762116,0.0336195706594113,0.0283342507516954,-0.999032979787463,30.4849289802345
27,5.3646664546649,24.7069468090815,17.8797543860679,10.6547663507263,-1.875,71.8132955867136,-0.421913194999231,27.9660184345461,evaluated,,trkg4-inverse-auditfix-20260908-v1,2b47758f89b7d0d90520629b36aa97f5ea33917e9f03d41b7d84b1d6be3d5e41,-158.876320931185,-26.6236790688146,-143.282706815564,-0.831654438130123,-0.554405383543131,-0.0313937292602027,0.0210415302295651,0.0250316070073062,-0.999465193319022,27.9660184345461
28,5.3646664546649,24.7069468090815,7.87975438606791,0.6547663507263,-1.875,64.2940304740032,-0.508955601037348,32.819529788795,evaluated,,trkg4-inverse-auditfix-20260908-v1,2b47758f89b7d0d90520629b36aa97f5ea33917e9f03d41b7d84b1d6be3d5e41,-165.107705282454,-18.3922947175458,-133.566804794936,-0.84652004817741,-0.529695403040192,-0.0531656659114102,0.0380448464703654,0.0394190665608599,-0.998498235776367,32.819529788795
29,5.3646664546649,24.7069468090815,7.87975438606791,20.6547663507263,-1.875,1000000000000,NaN,NaN,invalid_geometry,trkg4:electrodeDiagnostics,trkg4-inverse-auditfix-20260908-v1,2b47758f89b7d0d90520629b36aa97f5ea33917e9f03d41b7d84b1d6be3d5e41,-153.854924270009,-34.6450757299908,-133.197821100793,-0.794963540567231,-0.606317800349784,-0.0202902476035343,0.0159566296837875,0.0125365456713336,-0.999794089296274,27.4373061448246
30,5.3646664546649,24.7069468090815,7.87975438606791,10.6547663507263,3.125,27.8013971997475,-0.54828156537765,30.4849289802345,evaluated,,trkg4-inverse-auditfix-20260908-v1,2b47758f89b7d0d90520629b36aa97f5ea33917e9f03d41b7d84b1d6be3d5e41,-159.609640798794,-26.647011246331,-133.243347954875,-0.805615650964283,-0.590812238293427,-0.0438670947762116,0.0850428525030482,-0.0420482383390014,-0.995489657852221,30.4849289802345
31,4.6146664546649,24.7069468090815,7.87975438606791,10.6547663507263,3.125,65.2864054439986,-0.463428423685758,30.4849289802345,evaluated,,trkg4-inverse-auditfix-20260908-v1,2b47758f89b7d0d90520629b36aa97f5ea33917e9f03d41b7d84b1d6be3d5e41,-159.609640798794,-26.647011246331,-133.243347954875,-0.805615650964283,-0.590812238293427,-0.0438670947762116,0.0850428525030482,-0.0420482383390014,-0.995489657852221,30.4849289802345
32,6.1146664546649,24.7069468090815,7.87975438606791,10.6547663507263,3.125,50.9902544697153,-0.634479375147296,30.4849289802345,evaluated,,trkg4-inverse-auditfix-20260908-v1,2b47758f89b7d0d90520629b36aa97f5ea33917e9f03d41b7d84b1d6be3d5e41,-159.609640798794,-26.647011246331,-133.243347954875,-0.805615650964283,-0.590812238293427,-0.0438670947762116,0.0850428525030482,-0.0420482383390014,-0.995489657852221,30.4849289802345
33,5.3646664546649,21.7069468090815,7.87975438606791,10.6547663507263,3.125,29.0153771826787,-0.553401227853324,30.4849289802345,evaluated,,trkg4-inverse-auditfix-20260908-v1,2b47758f89b7d0d90520629b36aa97f5ea33917e9f03d41b7d84b1d6be3d5e41,-159.609640798794,-26.647011246331,-133.243347954875,-0.805615650964283,-0.590812238293427,-0.0438670947762116,0.0850428525030482,-0.0420482383390014,-0.995489657852221,30.4849289802345
34,5.3646664546649,27.7069468090815,7.87975438606791,10.6547663507263,3.125,27.1649682162476,-0.54399883187938,30.4849289802345,evaluated,,trkg4-inverse-auditfix-20260908-v1,2b47758f89b7d0d90520629b36aa97f5ea33917e9f03d41b7d84b1d6be3d5e41,-159.609640798794,-26.647011246331,-133.243347954875,-0.805615650964283,-0.590812238293427,-0.0438670947762116,0.0850428525030482,-0.0420482383390014,-0.995489657852221,30.4849289802345
35,5.3646664546649,24.7069468090815,-2.12024561393209,10.6547663507263,3.125,70.9568149788557,-0.673428482617768,32.2159007250251,evaluated,,trkg4-inverse-auditfix-20260908-v1,2b47758f89b7d0d90520629b36aa97f5ea33917e9f03d41b7d84b1d6be3d5e41,-160.5,-26.9395800422231,-123.060419957777,-0.785392276323759,-0.613874907874157,-0.0794768505508332,0.11676111905376,-0.0208306506854538,-0.992941551688383,32.2159007250251
36,5.3646664546649,24.7069468090815,17.8797543860679,10.6547663507263,3.125,42.3577468964223,-0.524234707742636,27.9660184345461,evaluated,,trkg4-inverse-auditfix-20260908-v1,2b47758f89b7d0d90520629b36aa97f5ea33917e9f03d41b7d84b1d6be3d5e41,-158.876320931185,-26.6236790688146,-143.282706815564,-0.831654438130123,-0.554405383543131,-0.0313937292602027,0.0693237222646838,-0.0475659140927096,-0.996459585406199,27.9660184345461
37,5.3646664546649,24.7069468090815,7.87975438606791,0.6547663507263,3.125,64.7404758885744,-0.507811852331165,32.819529788795,evaluated,,trkg4-inverse-auditfix-20260908-v1,2b47758f89b7d0d90520629b36aa97f5ea33917e9f03d41b7d84b1d6be3d5e41,-165.107705282454,-18.3922947175458,-133.566804794936,-0.84652004817741,-0.529695403040192,-0.0531656659114102,0.0841793960406941,-0.0345755077925292,-0.995850572898923,32.819529788795
38,5.3646664546649,24.7069468090815,7.87975438606791,20.6547663507263,3.125,1000000000000,NaN,NaN,invalid_geometry,trkg4:electrodeDiagnostics,trkg4-inverse-auditfix-20260908-v1,2b47758f89b7d0d90520629b36aa97f5ea33917e9f03d41b7d84b1d6be3d5e41,-153.854924270009,-34.6450757299908,-133.197821100793,-0.794963540567231,-0.606317800349784,-0.0202902476035343,0.0687512767324723,-0.0568107487398691,-0.996014960116198,27.4373061448246
39,5.3646664546649,24.7069468090815,7.87975438606791,10.6547663507263,8.125,1000000000000,NaN,NaN,invalid_geometry,trkg4:electrodeDiagnostics,trkg4-inverse-auditfix-20260908-v1,2b47758f89b7d0d90520629b36aa97f5ea33917e9f03d41b7d84b1d6be3d5e41,-159.609640798794,-26.647011246331,-133.243347954875,-0.805615650964283,-0.590812238293427,-0.0438670947762116,0.135818906888859,-0.112110714946518,-0.984370058527633,30.4849289802345
40,4.6146664546649,27.7069468090815,7.87975438606791,10.6547663507263,3.125,64.9563388676657,-0.459984918906675,30.4849289802345,evaluated,,trkg4-inverse-auditfix-20260908-v1,2b47758f89b7d0d90520629b36aa97f5ea33917e9f03d41b7d84b1d6be3d5e41,-159.609640798794,-26.647011246331,-133.243347954875,-0.805615650964283,-0.590812238293427,-0.0438670947762116,0.0850428525030482,-0.0420482383390014,-0.995489657852221,30.4849289802345
41,6.1146664546649,27.7069468090815,7.87975438606791,10.6547663507263,3.125,51.18842183627,-0.629321667912766,30.4849289802345,evaluated,,trkg4-inverse-auditfix-20260908-v1,2b47758f89b7d0d90520629b36aa97f5ea33917e9f03d41b7d84b1d6be3d5e41,-159.609640798794,-26.647011246331,-133.243347954875,-0.805615650964283,-0.590812238293427,-0.0438670947762116,0.0850428525030482,-0.0420482383390014,-0.995489657852221,30.4849289802345
42,5.3646664546649,30.7069468090815,7.87975438606791,10.6547663507263,3.125,26.9585897069268,-0.540354048572256,30.4849289802345,evaluated,,trkg4-inverse-auditfix-20260908-v1,2b47758f89b7d0d90520629b36aa97f5ea33917e9f03d41b7d84b1d6be3d5e41,-159.609640798794,-26.647011246331,-133.243347954875,-0.805615650964283,-0.590812238293427,-0.0438670947762116,0.0850428525030482,-0.0420482383390014,-0.995489657852221,30.4849289802345
43,5.3646664546649,27.7069468090815,-2.12024561393209,10.6547663507263,3.125,68.8498933413432,-0.669157612639674,32.2159007250251,evaluated,,trkg4-inverse-auditfix-20260908-v1,2b47758f89b7d0d90520629b36aa97f5ea33917e9f03d41b7d84b1d6be3d5e41,-160.5,-26.9395800422231,-123.060419957777,-0.785392276323759,-0.613874907874157,-0.0794768505508332,0.11676111905376,-0.0208306506854538,-0.992941551688383,32.2159007250251
44,5.3646664546649,27.7069468090815,17.8797543860679,10.6547663507263,3.125,41.8920710895237,-0.52066001752122,27.9660184345461,evaluated,,trkg4-inverse-auditfix-20260908-v1,2b47758f89b7d0d90520629b36aa97f5ea33917e9f03d41b7d84b1d6be3d5e41,-158.876320931185,-26.6236790688146,-143.282706815564,-0.831654438130123,-0.554405383543131,-0.0313937292602027,0.0693237222646838,-0.0475659140927096,-0.996459585406199,27.9660184345461
45,5.3646664546649,27.7069468090815,7.87975438606791,0.6547663507263,3.125,64.4112242955302,-0.503227620634226,32.819529788795,evaluated,,trkg4-inverse-auditfix-20260908-v1,2b47758f89b7d0d90520629b36aa97f5ea33917e9f03d41b7d84b1d6be3d5e41,-165.107705282454,-18.3922947175458,-133.566804794936,-0.84652004817741,-0.529695403040192,-0.0531656659114102,0.0841793960406941,-0.0345755077925292,-0.995850572898923,32.819529788795
46,5.3646664546649,27.7069468090815,7.87975438606791,20.6547663507263,3.125,1000000000000,NaN,NaN,invalid_geometry,trkg4:electrodeDiagnostics,trkg4-inverse-auditfix-20260908-v1,2b47758f89b7d0d90520629b36aa97f5ea33917e9f03d41b7d84b1d6be3d5e41,-153.854924270009,-34.6450757299908,-133.197821100793,-0.794963540567231,-0.606317800349784,-0.0202902476035343,0.0687512767324723,-0.0568107487398691,-0.996014960116198,27.4373061448246
47,5.3646664546649,27.7069468090815,7.87975438606791,10.6547663507263,8.125,1000000000000,NaN,NaN,invalid_geometry,trkg4:electrodeDiagnostics,trkg4-inverse-auditfix-20260908-v1,2b47758f89b7d0d90520629b36aa97f5ea33917e9f03d41b7d84b1d6be3d5e41,-159.609640798794,-26.647011246331,-133.243347954875,-0.805615650964283,-0.590812238293427,-0.0438670947762116,0.135818906888859,-0.112110714946518,-0.984370058527633,30.4849289802345
48,4.6146664546649,30.7069468090815,7.87975438606791,10.6547663507263,3.125,64.9121380532493,-0.457062734340517,30.4849289802345,evaluated,,trkg4-inverse-auditfix-20260908-v1,2b47758f89b7d0d90520629b36aa97f5ea33917e9f03d41b7d84b1d6be3d5e41,-159.609640798794,-26.647011246331,-133.243347954875,-0.805615650964283,-0.590812238293427,-0.0438670947762116,0.0850428525030482,-0.0420482383390014,-0.995489657852221,30.4849289802345
49,6.1146664546649,30.7069468090815,7.87975438606791,10.6547663507263,3.125,51.7718854152098,-0.624921037111617,30.4849289802345,evaluated,,trkg4-inverse-auditfix-20260908-v1,2b47758f89b7d0d90520629b36aa97f5ea33917e9f03d41b7d84b1d6be3d5e41,-159.609640798794,-26.647011246331,-133.243347954875,-0.805615650964283,-0.590812238293427,-0.0438670947762116,0.0850428525030482,-0.0420482383390014,-0.995489657852221,30.4849289802345
50,5.3646664546649,32,7.87975438606791,10.6547663507263,3.125,26.9812675069024,-0.538943547203191,30.4849289802345,evaluated,,trkg4-inverse-auditfix-20260908-v1,2b47758f89b7d0d90520629b36aa97f5ea33917e9f03d41b7d84b1d6be3d5e41,-159.609640798794,-26.647011246331,-133.243347954875,-0.805615650964283,-0.590812238293427,-0.0438670947762116,0.0850428525030482,-0.0420482383390014,-0.995489657852221,30.4849289802345
51,5.3646664546649,30.7069468090815,-2.12024561393209,10.6547663507263,3.125,67.4035163094697,-0.665516873572907,32.2159007250251,evaluated,,trkg4-inverse-auditfix-20260908-v1,2b47758f89b7d0d90520629b36aa97f5ea33917e9f03d41b7d84b1d6be3d5e41,-160.5,-26.9395800422231,-123.060419957777,-0.785392276323759,-0.613874907874157,-0.0794768505508332,0.11676111905376,-0.0208306506854538,-0.992941551688383,32.2159007250251
52,5.3646664546649,30.7069468090815,17.8797543860679,10.6547663507263,3.125,41.8300987410617,-0.517629482295503,27.9660184345461,evaluated,,trkg4-inverse-auditfix-20260908-v1,2b47758f89b7d0d90520629b36aa97f5ea33917e9f03d41b7d84b1d6be3d5e41,-158.876320931185,-26.6236790688146,-143.282706815564,-0.831654438130123,-0.554405383543131,-0.0313937292602027,0.0693237222646838,-0.0475659140927096,-0.996459585406199,27.9660184345461
53,5.3646664546649,30.7069468090815,7.87975438606791,0.6547663507263,3.125,64.3935003714606,-0.499329554621022,32.819529788795,evaluated,,trkg4-inverse-auditfix-20260908-v1,2b47758f89b7d0d90520629b36aa97f5ea33917e9f03d41b7d84b1d6be3d5e41,-165.107705282454,-18.3922947175458,-133.566804794936,-0.84652004817741,-0.529695403040192,-0.0531656659114102,0.0841793960406941,-0.0345755077925292,-0.995850572898923,32.819529788795
54,5.3646664546649,30.7069468090815,7.87975438606791,20.6547663507263,3.125,1000000000000,NaN,NaN,invalid_geometry,trkg4:electrodeDiagnostics,trkg4-inverse-auditfix-20260908-v1,2b47758f89b7d0d90520629b36aa97f5ea33917e9f03d41b7d84b1d6be3d5e41,-153.854924270009,-34.6450757299908,-133.197821100793,-0.794963540567231,-0.606317800349784,-0.0202902476035343,0.0687512767324723,-0.0568107487398691,-0.996014960116198,27.4373061448246
55,5.3646664546649,30.7069468090815,7.87975438606791,10.6547663507263,-1.875,31.517222384604,-0.520521052621269,30.4849289802345,evaluated,,trkg4-inverse-auditfix-20260908-v1,2b47758f89b7d0d90520629b36aa97f5ea33917e9f03d41b7d84b1d6be3d5e41,-159.609640798794,-26.647011246331,-133.243347954875,-0.805615650964283,-0.590812238293427,-0.0438670947762116,0.0336195706594113,0.0283342507516954,-0.999032979787463,30.4849289802345
56,5.3646664546649,30.7069468090815,7.87975438606791,10.6547663507263,8.125,1000000000000,NaN,NaN,invalid_geometry,trkg4:electrodeDiagnostics,trkg4-inverse-auditfix-20260908-v1,2b47758f89b7d0d90520629b36aa97f5ea33917e9f03d41b7d84b1d6be3d5e41,-159.609640798794,-26.647011246331,-133.243347954875,-0.805615650964283,-0.590812238293427,-0.0438670947762116,0.135818906888859,-0.112110714946518,-0.984370058527633,30.4849289802345
57,4.9896664546649,30.7069468090815,7.87975438606791,10.6547663507263,3.125,39.8704941178634,-0.498537023282624,30.4849289802345,evaluated,,trkg4-inverse-auditfix-20260908-v1,2b47758f89b7d0d90520629b36aa97f5ea33917e9f03d41b7d84b1d6be3d5e41,-159.609640798794,-26.647011246331,-133.243347954875,-0.805615650964283,-0.590812238293427,-0.0438670947762116,0.0850428525030482,-0.0420482383390014,-0.995489657852221,30.4849289802345
58,5.7396664546649,30.7069468090815,7.87975438606791,10.6547663507263,3.125,31.7112503759292,-0.582489181353287,30.4849289802345,evaluated,,trkg4-inverse-auditfix-20260908-v1,2b47758f89b7d0d90520629b36aa97f5ea33917e9f03d41b7d84b1d6be3d5e41,-159.609640798794,-26.647011246331,-133.243347954875,-0.805615650964283,-0.590812238293427,-0.0438670947762116,0.0850428525030482,-0.0420482383390014,-0.995489657852221,30.4849289802345
59,5.3646664546649,29.2069468090815,7.87975438606791,10.6547663507263,3.125,27.0145482580125,-0.542106483454023,30.4849289802345,evaluated,,trkg4-inverse-auditfix-20260908-v1,2b47758f89b7d0d90520629b36aa97f5ea33917e9f03d41b7d84b1d6be3d5e41,-159.609640798794,-26.647011246331,-133.243347954875,-0.805615650964283,-0.590812238293427,-0.0438670947762116,0.0850428525030482,-0.0420482383390014,-0.995489657852221,30.4849289802345
60,5.3646664546649,30.7069468090815,2.87975438606791,10.6547663507263,3.125,55.4654843109872,-0.638974448845715,31.0380003871802,evaluated,,trkg4-inverse-auditfix-20260908-v1,2b47758f89b7d0d90520629b36aa97f5ea33917e9f03d41b7d84b1d6be3d5e41,-159.908811698755,-26.5911883012452,-128.432116014015,-0.814632684867477,-0.578606333008998,-0.0398534835050358,0.0799322489064971,-0.0439471271734072,-0.995831052738342,31.0380003871802
61,5.3646664546649,30.7069468090815,12.8797543860679,10.6547663507263,3.125,126.16346671049,-0.3108264886766,29.118100855567,evaluated,,trkg4-inverse-auditfix-20260908-v1,2b47758f89b7d0d90520629b36aa97f5ea33917e9f03d41b7d84b1d6be3d5e41,-159.293728769932,-26.6860930625147,-138.520178167553,-0.837648678509351,-0.54341566993282,-0.0551733727716789,0.087644965598404,-0.0340194380698695,-0.995570709612665,29.118100855567
62,5.3646664546649,30.7069468090815,7.87975438606791,5.6547663507263,3.125,50.0212757112073,-0.55530245565813,31.5641885533375,evaluated,,trkg4-inverse-auditfix-20260908-v1,2b47758f89b7d0d90520629b36aa97f5ea33917e9f03d41b7d84b1d6be3d5e41,-162.409982326096,-22.5709622674099,-133.519055406494,-0.832588358674677,-0.549683634095511,-0.0681507696725446,0.0993118138726721,-0.0271013343347315,-0.994687227877486,31.5641885533375
63,5.3646664546649,30.7069468090815,7.87975438606791,15.6547663507263,3.125,115.904123194866,-0.748071984982399,28.9473178327025,evaluated,,trkg4-inverse-auditfix-20260908-v1,2b47758f89b7d0d90520629b36aa97f5ea33917e9f03d41b7d84b1d6be3d5e41,-156.79311952312,-30.7068804768796,-133.290067024329,-0.781804180222725,-0.622252016614116,-0.0398076827501748,0.0868346239874094,-0.0454343527053647,-0.995186147246438,28.9473178327025
64,5.3646664546649,30.7069468090815,7.87975438606791,10.6547663507263,0.625,30.8824726173887,-0.520419097912193,30.4849289802345,evaluated,,trkg4-inverse-auditfix-20260908-v1,2b47758f89b7d0d90520629b36aa97f5ea33917e9f03d41b7d84b1d6be3d5e41,-159.609640798794,-26.647011246331,-133.243347954875,-0.805615650964283,-0.590812238293427,-0.0438670947762116,0.059387735546225,-0.00686352634990515,-0.998211394882234,30.4849289802345
65,5.3646664546649,30.7069468090815,7.87975438606791,10.6547663507263,5.625,44.1543798996352,-0.638299813110844,30.4849289802345,evaluated,,trkg4-inverse-auditfix-20260908-v1,2b47758f89b7d0d90520629b36aa97f5ea33917e9f03d41b7d84b1d6be3d5e41,-159.609640798794,-26.647011246331,-133.243347954875,-0.805615650964283,-0.590812238293427,-0.0438670947762116,0.110536085556612,-0.0771529091165536,-0.990872949678552,30.4849289802345
66,5.1771664546649,30.7069468090815,7.87975438606791,10.6547663507263,3.125,31.6565193990054,-0.51940431717357,30.4849289802345,evaluated,,trkg4-inverse-auditfix-20260908-v1,2b47758f89b7d0d90520629b36aa97f5ea33917e9f03d41b7d84b1d6be3d5e41,-159.609640798794,-26.647011246331,-133.243347954875,-0.805615650964283,-0.590812238293427,-0.0438670947762116,0.0850428525030482,-0.0420482383390014,-0.995489657852221,30.4849289802345
67,5.5521664546649,30.7069468090815,7.87975438606791,10.6547663507263,3.125,27.2260916428305,-0.561383256643131,30.4849289802345,evaluated,,trkg4-inverse-auditfix-20260908-v1,2b47758f89b7d0d90520629b36aa97f5ea33917e9f03d41b7d84b1d6be3d5e41,-159.609640798794,-26.647011246331,-133.243347954875,-0.805615650964283,-0.590812238293427,-0.0438670947762116,0.0850428525030482,-0.0420482383390014,-0.995489657852221,30.4849289802345
68,5.3646664546649,29.9569468090815,7.87975438606791,10.6547663507263,3.125,26.9751333617459,-0.541213822785525,30.4849289802345,evaluated,,trkg4-inverse-auditfix-20260908-v1,2b47758f89b7d0d90520629b36aa97f5ea33917e9f03d41b7d84b1d6be3d5e41,-159.609640798794,-26.647011246331,-133.243347954875,-0.805615650964283,-0.590812238293427,-0.0438670947762116,0.0850428525030482,-0.0420482383390014,-0.995489657852221,30.4849289802345
69,5.3646664546649,31.4569468090815,7.87975438606791,10.6547663507263,3.125,26.9641511121651,-0.539525276659801,30.4849289802345,evaluated,,trkg4-inverse-auditfix-20260908-v1,2b47758f89b7d0d90520629b36aa97f5ea33917e9f03d41b7d84b1d6be3d5e41,-159.609640798794,-26.647011246331,-133.243347954875,-0.805615650964283,-0.590812238293427,-0.0438670947762116,0.0850428525030482,-0.0420482383390014,-0.995489657852221,30.4849289802345
70,5.3646664546649,30.7069468090815,5.37975438606791,10.6547663507263,3.125,1000000000000,NaN,NaN,invalid_geometry,trkg4:electrodeDiagnostics,trkg4-inverse-auditfix-20260908-v1,2b47758f89b7d0d90520629b36aa97f5ea33917e9f03d41b7d84b1d6be3d5e41,-159.820063237493,-26.6799367625068,-130.90721448094,-0.807077315197544,-0.589258586355758,-0.0374235981639604,0.079607499432173,-0.0457930789904974,-0.995773889972381,30.8200719040426
71,5.3646664546649,30.7069468090815,10.3797543860679,10.6547663507263,3.125,53.4237583539485,-0.461647637314003,29.8669334365339,evaluated,,trkg4-inverse-auditfix-20260908-v1,2b47758f89b7d0d90520629b36aa97f5ea33917e9f03d41b7d84b1d6be3d5e41,-159.5,-26.6422005079979,-135.857411414789,-0.813816526172195,-0.579224766371716,-0.0469183519600958,0.0857787812355802,-0.0398812960435678,-0.995515686925939,29.8669334365339
72,5.3646664546649,30.7069468090815,7.87975438606791,8.1547663507263,3.125,35.259527651436,-0.534483732843986,30.9514706778686,evaluated,,trkg4-inverse-auditfix-20260908-v1,2b47758f89b7d0d90520629b36aa97f5ea33917e9f03d41b7d84b1d6be3d5e41,-160.950412402787,-24.5495875972127,-133.428435909632,-0.817432610583451,-0.574050075039794,-0.0476491185808419,0.0856207204572595,-0.0392856794672747,-0.995552975796454,30.9514706778686
73,5.3646664546649,30.7069468090815,7.87975438606791,13.1547663507263,3.125,86.6175932063649,-0.709633106391098,29.5078421919752,evaluated,,trkg4-inverse-auditfix-20260908-v1,2b47758f89b7d0d90520629b36aa97f5ea33917e9f03d41b7d84b1d6be3d5e41,-158.012217149676,-28.487782850324,-133.336189986097,-0.848867728375684,-0.52512066181659,-0.0605959590699946,0.0899220607750294,-0.0304877465542463,-0.995482054231022,29.5078421919752
74,5.3646664546649,30.7069468090815,7.87975438606791,10.6547663507263,1.875,30.1345441123003,-0.494625409116056,30.4849289802345,evaluated,,trkg4-inverse-auditfix-20260908-v1,2b47758f89b7d0d90520629b36aa97f5ea33917e9f03d41b7d84b1d6be3d5e41,-159.609640798794,-26.647011246331,-133.243347954875,-0.805615650964283,-0.590812238293427,-0.0438670947762116,0.0722324833996366,-0.0244617035674816,-0.997087806264071,30.4849289802345
75,5.3646664546649,30.7069468090815,7.87975438606791,10.6547663507263,4.375,31.0026259341165,-0.585087476485303,30.4849289802345,evaluated,,trkg4-inverse-auditfix-20260908-v1,2b47758f89b7d0d90520629b36aa97f5ea33917e9f03d41b7d84b1d6be3d5e41,-159.609640798794,-26.647011246331,-133.243347954875,-0.805615650964283,-0.590812238293427,-0.0438670947762116,0.0978127458145738,-0.0596147604263967,-0.993417710278771,30.4849289802345
76,5.2709164546649,30.7069468090815,7.87975438606791,10.6547663507263,3.125,28.7142656286581,-0.529869067921552,30.4849289802345,evaluated,,trkg4-inverse-auditfix-20260908-v1,2b47758f89b7d0d90520629b36aa97f5ea33917e9f03d41b7d84b1d6be3d5e41,-159.609640798794,-26.647011246331,-133.243347954875,-0.805615650964283,-0.590812238293427,-0.0438670947762116,0.0850428525030482,-0.0420482383390014,-0.995489657852221,30.4849289802345
77,5.4584164546649,30.7069468090815,7.87975438606791,10.6547663507263,3.125,26.4932145762463,-0.55085889447236,30.4849289802345,evaluated,,trkg4-inverse-auditfix-20260908-v1,2b47758f89b7d0d90520629b36aa97f5ea33917e9f03d41b7d84b1d6be3d5e41,-159.609640798794,-26.647011246331,-133.243347954875,-0.805615650964283,-0.590812238293427,-0.0438670947762116,0.0850428525030482,-0.0420482383390014,-0.995489657852221,30.4849289802345
78,5.3646664546649,30.3319468090815,7.87975438606791,10.6547663507263,3.125,26.964015645751,-0.540779946257242,30.4849289802345,evaluated,,trkg4-inverse-auditfix-20260908-v1,2b47758f89b7d0d90520629b36aa97f5ea33917e9f03d41b7d84b1d6be3d5e41,-159.609640798794,-26.647011246331,-133.243347954875,-0.805615650964283,-0.590812238293427,-0.0438670947762116,0.0850428525030482,-0.0420482383390014,-0.995489657852221,30.4849289802345
79,5.3646664546649,31.0819468090815,7.87975438606791,10.6547663507263,3.125,26.9586878576059,-0.539935899171336,30.4849289802345,evaluated,,trkg4-inverse-auditfix-20260908-v1,2b47758f89b7d0d90520629b36aa97f5ea33917e9f03d41b7d84b1d6be3d5e41,-159.609640798794,-26.647011246331,-133.243347954875,-0.805615650964283,-0.590812238293427,-0.0438670947762116,0.0850428525030482,-0.0420482383390014,-0.995489657852221,30.4849289802345
80,5.3646664546649,30.7069468090815,6.62975438606791,10.6547663507263,3.125,1000000000000,NaN,NaN,invalid_geometry,trkg4:electrodeDiagnostics,trkg4-inverse-auditfix-20260908-v1,2b47758f89b7d0d90520629b36aa97f5ea33917e9f03d41b7d84b1d6be3d5e41,-159.775689006862,-26.7243109931376,-132.144763714402,-0.806957067272647,-0.589219836878991,-0.0405003136657416,0.0820832895040296,-0.0439791119368923,-0.995654644591909,30.7036809634813
81,5.3646664546649,30.7069468090815,9.12975438606791,10.6547663507263,3.125,96.8550190893344,-0.730914488418711,30.167396847885,evaluated,,trkg4-inverse-auditfix-20260908-v1,2b47758f89b7d0d90520629b36aa97f5ea33917e9f03d41b7d84b1d6be3d5e41,-159.5,-26.7140883736593,-134.619862181327,-0.80144158673082,-0.596669182679946,-0.0409544808101749,0.0836091832137986,-0.0439716762714409,-0.995527998686225,30.167396847885
82,5.3646664546649,30.7069468090815,7.87975438606791,9.4047663507263,3.125,32.0777933439528,-0.500602955921895,30.8659825295478,evaluated,,trkg4-inverse-auditfix-20260908-v1,2b47758f89b7d0d90520629b36aa97f5ea33917e9f03d41b7d84b1d6be3d5e41,-160.393059513953,-25.711332334934,-133.395608151113,-0.83096076310263,-0.552072098861338,-0.0687066797533722,0.100071810278235,-0.0268422219973787,-0.994618081429189,30.8659825295478
83,5.3646664546649,30.7069468090815,7.87975438606791,11.9047663507263,3.125,98.5500841539697,-0.718699731205874,30.0531407697853,evaluated,,trkg4-inverse-auditfix-20260908-v1,2b47758f89b7d0d90520629b36aa97f5ea33917e9f03d41b7d84b1d6be3d5e41,-158.871765962954,-27.6282340370461,-133.35925146698,-0.81946407137017,-0.57233758125077,-0.0301384940141899,0.0710348438934087,-0.0492450663589596,-0.996257483983102,30.0531407697853
84,5.3646664546649,30.7069468090815,7.87975438606791,10.6547663507263,2.5,27.1862549483144,-0.508364307987138,30.4849289802345,evaluated,,trkg4-inverse-auditfix-20260908-v1,2b47758f89b7d0d90520629b36aa97f5ea33917e9f03d41b7d84b1d6be3d5e41,-159.609640798794,-26.647011246331,-133.243347954875,-0.805615650964283,-0.590812238293427,-0.0438670947762116,0.0786423467777522,-0.0332569495754515,-0.996348009782839,30.4849289802345
85,5.3646664546649,30.7069468090815,7.87975438606791,10.6547663507263,3.75,33.3130447484485,-0.588745030878428,30.4849289802345,evaluated,,trkg4-inverse-auditfix-20260908-v1,2b47758f89b7d0d90520629b36aa97f5ea33917e9f03d41b7d84b1d6be3d5e41,-159.609640798794,-26.647011246331,-133.243347954875,-0.805615650964283,-0.590812238293427,-0.0438670947762116,0.0914332389793504,-0.0508345237826838,-0.994512852607513,30.4849289802345
86,5.4584164546649,30.3319468090815,7.87975438606791,10.6547663507263,3.125,26.4803900769253,-0.551295695541713,30.4849289802345,evaluated,,trkg4-inverse-auditfix-20260908-v1,2b47758f89b7d0d90520629b36aa97f5ea33917e9f03d41b7d84b1d6be3d5e41,-159.609640798794,-26.647011246331,-133.243347954875,-0.805615650964283,-0.590812238293427,-0.0438670947762116,0.0850428525030482,-0.0420482383390014,-0.995489657852221,30.4849289802345
87,5.4584164546649,31.0819468090815,7.87975438606791,10.6547663507263,3.125,26.5109484959556,-0.550430024404206,30.4849289802345,evaluated,,trkg4-inverse-auditfix-20260908-v1,2b47758f89b7d0d90520629b36aa97f5ea33917e9f03d41b7d84b1d6be3d5e41,-159.609640798794,-26.647011246331,-133.243347954875,-0.805615650964283,-0.590812238293427,-0.0438670947762116,0.0850428525030482,-0.0420482383390014,-0.995489657852221,30.4849289802345
88,5.4584164546649,30.7069468090815,6.62975438606791,10.6547663507263,3.125,1000000000000,NaN,NaN,invalid_geometry,trkg4:electrodeDiagnostics,trkg4-inverse-auditfix-20260908-v1,2b47758f89b7d0d90520629b36aa97f5ea33917e9f03d41b7d84b1d6be3d5e41,-159.775689006862,-26.7243109931376,-132.144763714402,-0.806957067272647,-0.589219836878991,-0.0405003136657416,0.0820832895040296,-0.0439791119368923,-0.995654644591909,30.7036809634813
89,5.4584164546649,30.7069468090815,9.12975438606791,10.6547663507263,3.125,106.406392169375,-0.744697215665981,30.167396847885,evaluated,,trkg4-inverse-auditfix-20260908-v1,2b47758f89b7d0d90520629b36aa97f5ea33917e9f03d41b7d84b1d6be3d5e41,-159.5,-26.7140883736593,-134.619862181327,-0.80144158673082,-0.596669182679946,-0.0409544808101749,0.0836091832137986,-0.0439716762714409,-0.995527998686225,30.167396847885
90,5.4584164546649,30.7069468090815,7.87975438606791,9.4047663507263,3.125,28.979530578879,-0.510327830593918,30.8659825295478,evaluated,,trkg4-inverse-auditfix-20260908-v1,2b47758f89b7d0d90520629b36aa97f5ea33917e9f03d41b7d84b1d6be3d5e41,-160.393059513953,-25.711332334934,-133.395608151113,-0.83096076310263,-0.552072098861338,-0.0687066797533722,0.100071810278235,-0.0268422219973787,-0.994618081429189,30.8659825295478
91,5.4584164546649,30.7069468090815,7.87975438606791,11.9047663507263,3.125,107.607913876454,-0.73253029567394,30.0531407697853,evaluated,,trkg4-inverse-auditfix-20260908-v1,2b47758f89b7d0d90520629b36aa97f5ea33917e9f03d41b7d84b1d6be3d5e41,-158.871765962954,-27.6282340370461,-133.35925146698,-0.81946407137017,-0.57233758125077,-0.0301384940141899,0.0710348438934087,-0.0492450663589596,-0.996257483983102,30.0531407697853
92,5.4584164546649,30.7069468090815,7.87975438606791,10.6547663507263,2.5,25.0186373069696,-0.518310852717021,30.4849289802345,evaluated,,trkg4-inverse-auditfix-20260908-v1,2b47758f89b7d0d90520629b36aa97f5ea33917e9f03d41b7d84b1d6be3d5e41,-159.609640798794,-26.647011246331,-133.243347954875,-0.805615650964283,-0.590812238293427,-0.0438670947762116,0.0786423467777522,-0.0332569495754515,-0.996348009782839,30.4849289802345
93,5.4584164546649,30.7069468090815,7.87975438606791,10.6547663507263,3.75,35.3648887268541,-0.600054890722833,30.4849289802345,evaluated,,trkg4-inverse-auditfix-20260908-v1,2b47758f89b7d0d90520629b36aa97f5ea33917e9f03d41b7d84b1d6be3d5e41,-159.609640798794,-26.647011246331,-133.243347954875,-0.805615650964283,-0.590812238293427,-0.0438670947762116,0.0914332389793504,-0.0508345237826838,-0.994512852607513,30.4849289802345
94,5.5521664546649,30.7069468090815,7.87975438606791,10.6547663507263,2.5,24.0672285054864,-0.528277249232538,30.4849289802345,evaluated,,trkg4-inverse-auditfix-20260908-v1,2b47758f89b7d0d90520629b36aa97f5ea33917e9f03d41b7d84b1d6be3d5e41,-159.609640798794,-26.647011246331,-133.243347954875,-0.805615650964283,-0.590812238293427,-0.0438670947762116,0.0786423467777522,-0.0332569495754515,-0.996348009782839,30.4849289802345
95,5.4584164546649,30.3319468090815,7.87975438606791,10.6547663507263,2.5,24.9691688036891,-0.518739787762155,30.4849289802345,evaluated,,trkg4-inverse-auditfix-20260908-v1,2b47758f89b7d0d90520629b36aa97f5ea33917e9f03d41b7d84b1d6be3d5e41,-159.609640798794,-26.647011246331,-133.243347954875,-0.805615650964283,-0.590812238293427,-0.0438670947762116,0.0786423467777522,-0.0332569495754515,-0.996348009782839,30.4849289802345
96,5.4584164546649,31.0819468090815,7.87975438606791,10.6547663507263,2.5,25.0723190534221,-0.517889743189664,30.4849289802345,evaluated,,trkg4-inverse-auditfix-20260908-v1,2b47758f89b7d0d90520629b36aa97f5ea33917e9f03d41b7d84b1d6be3d5e41,-159.609640798794,-26.647011246331,-133.243347954875,-0.805615650964283,-0.590812238293427,-0.0438670947762116,0.0786423467777522,-0.0332569495754515,-0.996348009782839,30.4849289802345
97,5.4584164546649,30.7069468090815,6.62975438606791,10.6547663507263,2.5,37.2065399684105,-0.595395431435478,30.7036809634813,evaluated,,trkg4-inverse-auditfix-20260908-v1,2b47758f89b7d0d90520629b36aa97f5ea33917e9f03d41b7d84b1d6be3d5e41,-159.775689006862,-26.7243109931376,-132.144763714402,-0.806957067272647,-0.589219836878991,-0.0405003136657416,0.0756984999554133,-0.0351761204190436,-0.996510099124322,30.7036809634813
98,5.4584164546649,30.7069468090815,9.12975438606791,10.6547663507263,2.5,99.5509704190312,-0.733724149228619,30.167396847885,evaluated,,trkg4-inverse-auditfix-20260908-v1,2b47758f89b7d0d90520629b36aa97f5ea33917e9f03d41b7d84b1d6be3d5e41,-159.5,-26.7140883736593,-134.619862181327,-0.80144158673082,-0.596669182679946,-0.0409544808101749,0.0771444366647605,-0.0352286059757284,-0.996397351066673,30.167396847885
99,5.4584164546649,30.7069468090815,7.87975438606791,9.4047663507263,2.5,29.9499029649817,-0.525689083176404,30.8659825295478,evaluated,,trkg4-inverse-auditfix-20260908-v1,2b47758f89b7d0d90520629b36aa97f5ea33917e9f03d41b7d84b1d6be3d5e41,-160.393059513953,-25.711332334934,-133.395608151113,-0.83096076310263,-0.552072098861338,-0.0687066797533722,0.0940963308769422,-0.0177502120585976,-0.995404847530577,30.8659825295478
100,5.4584164546649,30.7069468090815,7.87975438606791,11.9047663507263,2.5,84.7686032230588,-0.695260030051689,30.0531407697853,evaluated,,trkg4-inverse-auditfix-20260908-v1,2b47758f89b7d0d90520629b36aa97f5ea33917e9f03d41b7d84b1d6be3d5e41,-158.871765962954,-27.6282340370461,-133.35925146698,-0.81946407137017,-0.57233758125077,-0.0301384940141899,0.0648270614008074,-0.0403134480682821,-0.997081881299115,30.0531407697853
