request_id_fine,kind_fine,quadrature_points_fine,frequency_hz,state,model,rho1_fine,rho2_fine,rho_bone_fine,rho_heart_fine,rho_fat_fine,L_mm,Z_fine,relative_residual_fine,reciprocity_abs_fine,request_id_coarse,kind_coarse,quadrature_points_coarse,rho1_coarse,rho2_coarse,rho_bone_coarse,rho_heart_coarse,rho_fat_coarse,Z_coarse,relative_residual_coarse,reciprocity_abs_coarse,difference_ohm,difference_pct,within_numeric_tolerance
q4096_50000_inhale_ts_without_fat,literature,4096,50000,inhale,ts_without_fat,2.84229947307531,9.74127148952717,48.4451260579635,5.11678442048387,23.1086075206695,50,49.5149352523896,1.64260436717508e-10,1.4210854715202e-14,q1024_50000_inhale_ts_without_fat,literature,1024,2.84229947307531,9.74127148952717,48.4451260579635,5.11678442048387,23.1086075206695,49.5148710695426,1.73570358666392e-10,0.0,6.418284699805099e-05,0.0001296232069594669,True
q4096_50000_inhale_ts_without_fat,literature,4096,50000,inhale,ts_without_fat,2.84229947307531,9.74127148952717,48.4451260579635,5.11678442048387,23.1086075206695,60,49.0364614271474,2.60434182704198e-10,7.105427357601e-15,q1024_50000_inhale_ts_without_fat,literature,1024,2.84229947307531,9.74127148952717,48.4451260579635,5.11678442048387,23.1086075206695,49.0363803298847,2.88149141752214e-10,1.4210854715202e-14,8.109726270077999e-05,0.00016538155556200716,True
q4096_50000_inhale_ts_without_fat,literature,4096,50000,inhale,ts_without_fat,2.84229947307531,9.74127148952717,48.4451260579635,5.11678442048387,23.1086075206695,70,38.2010957889253,2.41033982574286e-10,1.4210854715202e-14,q1024_50000_inhale_ts_without_fat,literature,1024,2.84229947307531,9.74127148952717,48.4451260579635,5.11678442048387,23.1086075206695,38.2010232900998,2.44377274362781e-10,1.4210854715202e-14,7.24988255029757e-05,0.00018978205730944895,True
q4096_50000_inhale_ts_without_fat,literature,4096,50000,inhale,ts_without_fat,2.84229947307531,9.74127148952717,48.4451260579635,5.11678442048387,23.1086075206695,80,39.7531531513339,3.76532047198441e-10,1.4210854715202e-14,q1024_50000_inhale_ts_without_fat,literature,1024,2.84229947307531,9.74127148952717,48.4451260579635,5.11678442048387,23.1086075206695,39.7530895230787,2.89514127217716e-10,2.1316282072803e-14,6.362825519801163e-05,0.0001600583856978314,True
q4096_50000_inhale_ts_without_fat,literature,4096,50000,inhale,ts_without_fat,2.84229947307531,9.74127148952717,48.4451260579635,5.11678442048387,23.1086075206695,90,34.2791022230949,3.61331149111453e-10,0.0,q1024_50000_inhale_ts_without_fat,literature,1024,2.84229947307531,9.74127148952717,48.4451260579635,5.11678442048387,23.1086075206695,34.2790654117418,2.25930056910866e-10,1.4210854715202e-14,3.681135310529271e-05,0.00010738715636634074,True
q4096_50000_inhale_ts_without_fat,literature,4096,50000,inhale,ts_without_fat,2.84229947307531,9.74127148952717,48.4451260579635,5.11678442048387,23.1086075206695,110,32.4986785020541,3.5201368037768303e-10,7.105427357601e-15,q1024_50000_inhale_ts_without_fat,literature,1024,2.84229947307531,9.74127148952717,48.4451260579635,5.11678442048387,23.1086075206695,32.4987427538269,2.19318949598812e-10,1.4210854715202e-14,-6.42517728053349e-05,-0.00019770580148750918,True
q4096_50000_inhale_ts_without_fat,literature,4096,50000,inhale,ts_without_fat,2.84229947307531,9.74127148952717,48.4451260579635,5.11678442048387,23.1086075206695,120,30.2865877920327,4.1143966396821004e-10,3.5527136788005e-15,q1024_50000_inhale_ts_without_fat,literature,1024,2.84229947307531,9.74127148952717,48.4451260579635,5.11678442048387,23.1086075206695,30.2867247801101,4.45581292082381e-10,0.0,-0.0001369880773971488,-0.00045230607798342135,True
q4096_50000_inhale_ts_without_fat,literature,4096,50000,inhale,ts_without_fat,2.84229947307531,9.74127148952717,48.4451260579635,5.11678442048387,23.1086075206695,130,28.0689503896235,5.68926767454708e-10,0.0,q1024_50000_inhale_ts_without_fat,literature,1024,2.84229947307531,9.74127148952717,48.4451260579635,5.11678442048387,23.1086075206695,28.0691417780836,3.88805284220508e-10,1.77635683940025e-14,-0.00019138846010235966,-0.0006818511467144563,True
q4096_50000_inhale_ts_without_fat,literature,4096,50000,inhale,ts_without_fat,2.84229947307531,9.74127148952717,48.4451260579635,5.11678442048387,23.1086075206695,140,27.4803154574929,4.43866921213396e-10,1.0658141036401501e-14,q1024_50000_inhale_ts_without_fat,literature,1024,2.84229947307531,9.74127148952717,48.4451260579635,5.11678442048387,23.1086075206695,27.4805695697899,4.97023258000372e-10,3.5527136788005e-15,-0.0002541122970001197,-0.0009247066227939985,True
q4096_50000_inhale_ts_with_fat,literature,4096,50000,inhale,ts_with_fat,2.84229947307531,9.74127148952717,48.4451260579635,5.11678442048387,23.1086075206695,50,82.5755409913383,8.64515983547155e-11,2.8421709430404e-14,q1024_50000_inhale_ts_with_fat,literature,1024,2.84229947307531,9.74127148952717,48.4451260579635,5.11678442048387,23.1086075206695,82.6566201768069,1.79904025497226e-10,1.4210854715202e-14,-0.08107918546859594,-0.098187894981034,True
q4096_50000_inhale_ts_with_fat,literature,4096,50000,inhale,ts_with_fat,2.84229947307531,9.74127148952717,48.4451260579635,5.11678442048387,23.1086075206695,60,77.1082307165139,1.41967952363178e-10,5.6843418860808e-14,q1024_50000_inhale_ts_with_fat,literature,1024,2.84229947307531,9.74127148952717,48.4451260579635,5.11678442048387,23.1086075206695,77.170632198706,3.17226245930504e-10,2.8421709430404e-14,-0.06240148219210084,-0.08092713529054768,True
q4096_50000_inhale_ts_with_fat,literature,4096,50000,inhale,ts_with_fat,2.84229947307531,9.74127148952717,48.4451260579635,5.11678442048387,23.1086075206695,70,53.500740637334,1.47454068070251e-10,1.4210854715202e-14,q1024_50000_inhale_ts_with_fat,literature,1024,2.84229947307531,9.74127148952717,48.4451260579635,5.11678442048387,23.1086075206695,53.5425927485059,3.49744307159519e-10,7.105427357601e-15,-0.041852111171905904,-0.0782271622286675,True
q4096_50000_inhale_ts_with_fat,literature,4096,50000,inhale,ts_with_fat,2.84229947307531,9.74127148952717,48.4451260579635,5.11678442048387,23.1086075206695,80,56.1305295094287,1.2509531133371901e-10,2.1316282072803e-14,q1024_50000_inhale_ts_with_fat,literature,1024,2.84229947307531,9.74127148952717,48.4451260579635,5.11678442048387,23.1086075206695,56.1520002796724,3.92090876243151e-10,7.105427357601e-15,-0.021470770243702475,-0.038251501333326735,True
q4096_50000_inhale_ts_with_fat,literature,4096,50000,inhale,ts_with_fat,2.84229947307531,9.74127148952717,48.4451260579635,5.11678442048387,23.1086075206695,90,44.2112611184698,1.68030446390896e-10,1.4210854715202e-14,q1024_50000_inhale_ts_with_fat,literature,1024,2.84229947307531,9.74127148952717,48.4451260579635,5.11678442048387,23.1086075206695,44.2207443270525,2.46962967163197e-10,1.4210854715202e-14,-0.009483208582700797,-0.02144975814485208,True
q4096_50000_inhale_ts_with_fat,literature,4096,50000,inhale,ts_with_fat,2.84229947307531,9.74127148952717,48.4451260579635,5.11678442048387,23.1086075206695,110,43.6522084962343,1.91629501945478e-10,0.0,q1024_50000_inhale_ts_with_fat,literature,1024,2.84229947307531,9.74127148952717,48.4451260579635,5.11678442048387,23.1086075206695,43.6476072216299,5.12266051682029e-10,3.5527136788004997e-14,0.004601274604404182,0.010540760165207025,True
q4096_50000_inhale_ts_with_fat,literature,4096,50000,inhale,ts_with_fat,2.84229947307531,9.74127148952717,48.4451260579635,5.11678442048387,23.1086075206695,120,38.6500384985992,2.45533159980932e-10,1.4210854715202e-14,q1024_50000_inhale_ts_with_fat,literature,1024,2.84229947307531,9.74127148952717,48.4451260579635,5.11678442048387,23.1086075206695,38.6453836412385,5.09869507900431e-10,0.0,0.004654857360698372,0.012043603425820854,True
q4096_50000_inhale_ts_with_fat,literature,4096,50000,inhale,ts_with_fat,2.84229947307531,9.74127148952717,48.4451260579635,5.11678442048387,23.1086075206695,130,35.876765768155,3.25243004033069e-10,7.105427357601e-15,q1024_50000_inhale_ts_with_fat,literature,1024,2.84229947307531,9.74127148952717,48.4451260579635,5.11678442048387,23.1086075206695,35.8732076732257,5.912880057248701e-10,1.4210854715202e-14,0.003558094929303479,0.009917546504322085,True
q4096_50000_inhale_ts_with_fat,literature,4096,50000,inhale,ts_with_fat,2.84229947307531,9.74127148952717,48.4451260579635,5.11678442048387,23.1086075206695,140,33.2775507578497,1.75920332916199e-10,7.105427357601e-15,q1024_50000_inhale_ts_with_fat,literature,1024,2.84229947307531,9.74127148952717,48.4451260579635,5.11678442048387,23.1086075206695,33.2727344354678,6.52246111068736e-10,2.8421709430404e-14,0.004816322381905991,0.014473187696272654,True
q4096_50000_exhale_ts_without_fat,literature,4096,50000,exhale,ts_without_fat,2.84229947307531,3.81728305178192,48.4451260579635,5.11678442048387,23.1086075206695,50,49.0809526617027,1.27146942355949e-10,2.1316282072803e-14,q1024_50000_exhale_ts_without_fat,literature,1024,2.84229947307531,3.81728305178192,48.4451260579635,5.11678442048387,23.1086075206695,49.0808894752766,1.60264019494242e-10,0.0,6.318642610381175e-05,0.0001287392006005527,True
q4096_50000_exhale_ts_without_fat,literature,4096,50000,exhale,ts_without_fat,2.84229947307531,3.81728305178192,48.4451260579635,5.11678442048387,23.1086075206695,60,48.3661298047045,1.42892062018574e-10,7.105427357601e-15,q1024_50000_exhale_ts_without_fat,literature,1024,2.84229947307531,3.81728305178192,48.4451260579635,5.11678442048387,23.1086075206695,48.3660457139558,2.2631613373617201e-10,1.4210854715202e-14,8.409074870030508e-05,0.0001738628851219882,True
q4096_50000_exhale_ts_without_fat,literature,4096,50000,exhale,ts_without_fat,2.84229947307531,3.81728305178192,48.4451260579635,5.11678442048387,23.1086075206695,70,37.3913165413394,1.87761763970703e-10,1.4210854715202e-14,q1024_50000_exhale_ts_without_fat,literature,1024,2.84229947307531,3.81728305178192,48.4451260579635,5.11678442048387,23.1086075206695,37.3912358359386,1.89382278086742e-10,1.4210854715202e-14,8.07054007978536e-05,0.0002158399550029929,True
q4096_50000_exhale_ts_without_fat,literature,4096,50000,exhale,ts_without_fat,2.84229947307531,3.81728305178192,48.4451260579635,5.11678442048387,23.1086075206695,80,38.7112083972919,1.40751509541335e-10,7.105427357601e-15,q1024_50000_exhale_ts_without_fat,literature,1024,2.84229947307531,3.81728305178192,48.4451260579635,5.11678442048387,23.1086075206695,38.7111267522161,3.31006133959998e-10,7.105427357601e-15,8.164507579522251e-05,0.00021090810433325072,True
q4096_50000_exhale_ts_without_fat,literature,4096,50000,exhale,ts_without_fat,2.84229947307531,3.81728305178192,48.4451260579635,5.11678442048387,23.1086075206695,90,33.0381487424349,2.23436965321758e-10,0.0,q1024_50000_exhale_ts_without_fat,literature,1024,2.84229947307531,3.81728305178192,48.4451260579635,5.11678442048387,23.1086075206695,33.038083558789,2.18799231900848e-10,1.4210854715202e-14,6.518364590135661e-05,0.0001972981186371177,True
q4096_50000_exhale_ts_without_fat,literature,4096,50000,exhale,ts_without_fat,2.84229947307531,3.81728305178192,48.4451260579635,5.11678442048387,23.1086075206695,110,30.8494137338129,2.05069031394561e-10,1.0658141036401501e-14,q1024_50000_exhale_ts_without_fat,literature,1024,2.84229947307531,3.81728305178192,48.4451260579635,5.11678442048387,23.1086075206695,30.8494312924807,4.4936235852856005e-10,1.0658141036401501e-14,-1.755866779973303e-05,-5.691734679705639e-05,True
q4096_50000_exhale_ts_without_fat,literature,4096,50000,exhale,ts_without_fat,2.84229947307531,3.81728305178192,48.4451260579635,5.11678442048387,23.1086075206695,120,28.3667638483598,1.9855576021812002e-10,1.0658141036401501e-14,q1024_50000_exhale_ts_without_fat,literature,1024,2.84229947307531,3.81728305178192,48.4451260579635,5.11678442048387,23.1086075206695,28.3668542907274,2.8999755787516e-10,1.4210854715202e-14,-9.044236760047397e-05,-0.0003188321659952179,True
q4096_50000_exhale_ts_without_fat,literature,4096,50000,exhale,ts_without_fat,2.84229947307531,3.81728305178192,48.4451260579635,5.11678442048387,23.1086075206695,130,26.0608920022345,4.707441806030941e-10,0.0,q1024_50000_exhale_ts_without_fat,literature,1024,2.84229947307531,3.81728305178192,48.4451260579635,5.11678442048387,23.1086075206695,26.0610626344328,4.39712325452666e-10,7.105427357601e-15,-0.00017063219830149023,-0.0006547442746275146,True
q4096_50000_exhale_ts_without_fat,literature,4096,50000,exhale,ts_without_fat,2.84229947307531,3.81728305178192,48.4451260579635,5.11678442048387,23.1086075206695,140,25.2191300283148,2.65904485582985e-10,2.1316282072803e-14,q1024_50000_exhale_ts_without_fat,literature,1024,2.84229947307531,3.81728305178192,48.4451260579635,5.11678442048387,23.1086075206695,25.2193969885428,2.57646272463164e-10,1.77635683940025e-14,-0.00026696022800010155,-0.001058562399656022,True
q4096_50000_exhale_ts_with_fat,literature,4096,50000,exhale,ts_with_fat,2.84229947307531,3.81728305178192,48.4451260579635,5.11678442048387,23.1086075206695,50,81.942273757631,3.74976618281304e-11,1.4210854715202e-14,q1024_50000_exhale_ts_with_fat,literature,1024,2.84229947307531,3.81728305178192,48.4451260579635,5.11678442048387,23.1086075206695,82.0232162498488,1.24102352995792e-10,1.4210854715202e-14,-0.08094249221780103,-0.0987798952921576,True
q4096_50000_exhale_ts_with_fat,literature,4096,50000,exhale,ts_with_fat,2.84229947307531,3.81728305178192,48.4451260579635,5.11678442048387,23.1086075206695,60,76.084114022643,1.26598921742107e-10,4.2632564145606e-14,q1024_50000_exhale_ts_with_fat,literature,1024,2.84229947307531,3.81728305178192,48.4451260579635,5.11678442048387,23.1086075206695,76.1463321822098,1.37637589163057e-10,0.0,-0.06221815956679677,-0.08177549330242623,True
q4096_50000_exhale_ts_with_fat,literature,4096,50000,exhale,ts_with_fat,2.84229947307531,3.81728305178192,48.4451260579635,5.11678442048387,23.1086075206695,70,52.2888766266843,1.93751238184191e-10,2.8421709430404e-14,q1024_50000_exhale_ts_with_fat,literature,1024,2.84229947307531,3.81728305178192,48.4451260579635,5.11678442048387,23.1086075206695,52.3305894899176,1.66609539633202e-10,0.0,-0.04171286323330037,-0.07977387529494805,True
q4096_50000_exhale_ts_with_fat,literature,4096,50000,exhale,ts_with_fat,2.84229947307531,3.81728305178192,48.4451260579635,5.11678442048387,23.1086075206695,80,54.5961805051385,9.9281407108524e-11,7.105427357601e-15,q1024_50000_exhale_ts_with_fat,literature,1024,2.84229947307531,3.81728305178192,48.4451260579635,5.11678442048387,23.1086075206695,54.6176279051548,1.9456757072655002e-10,2.8421709430404e-14,-0.02144740001629941,-0.03928370046743621,True
q4096_50000_exhale_ts_with_fat,literature,4096,50000,exhale,ts_with_fat,2.84229947307531,3.81728305178192,48.4451260579635,5.11678442048387,23.1086075206695,90,42.3676591768074,1.05319588572761e-10,7.105427357601e-15,q1024_50000_exhale_ts_with_fat,literature,1024,2.84229947307531,3.81728305178192,48.4451260579635,5.11678442048387,23.1086075206695,42.3771577518478,1.69403111491356e-10,7.105427357601e-15,-0.009498575040396418,-0.02241940013904771,True
q4096_50000_exhale_ts_with_fat,literature,4096,50000,exhale,ts_with_fat,2.84229947307531,3.81728305178192,48.4451260579635,5.11678442048387,23.1086075206695,110,41.1792786317837,1.6453033724506601e-10,3.5527136788004997e-14,q1024_50000_exhale_ts_with_fat,literature,1024,2.84229947307531,3.81728305178192,48.4451260579635,5.11678442048387,23.1086075206695,41.1745844737692,2.74244032942971e-10,0.0,0.0046941580145016815,0.01139932065463273,True
q4096_50000_exhale_ts_with_fat,literature,4096,50000,exhale,ts_with_fat,2.84229947307531,3.81728305178192,48.4451260579635,5.11678442048387,23.1086075206695,120,35.7918992760472,2.95328407938627e-10,7.105427357601e-15,q1024_50000_exhale_ts_with_fat,literature,1024,2.84229947307531,3.81728305178192,48.4451260579635,5.11678442048387,23.1086075206695,35.7873883205213,2.43879291608266e-10,7.105427357601e-15,0.004510955525894644,0.012603286266268313,True
q4096_50000_exhale_ts_with_fat,literature,4096,50000,exhale,ts_with_fat,2.84229947307531,3.81728305178192,48.4451260579635,5.11678442048387,23.1086075206695,130,32.887949202328,2.58977024861004e-10,1.4210854715202e-14,q1024_50000_exhale_ts_with_fat,literature,1024,2.84229947307531,3.81728305178192,48.4451260579635,5.11678442048387,23.1086075206695,32.8846282293664,2.2215620224918002e-10,1.4210854715202e-14,0.0033209729616032746,0.010097841434783646,True
q4096_50000_exhale_ts_with_fat,literature,4096,50000,exhale,ts_with_fat,2.84229947307531,3.81728305178192,48.4451260579635,5.11678442048387,23.1086075206695,140,29.9638408598388,3.11399320025314e-10,3.5527136788005e-15,q1024_50000_exhale_ts_with_fat,literature,1024,2.84229947307531,3.81728305178192,48.4451260579635,5.11678442048387,23.1086075206695,29.9593756290487,3.81474007739468e-10,1.0658141036401501e-14,0.004465230790099639,0.014902064161222025,True
q4096_100000_inhale_ts_without_fat,literature,4096,100000,inhale,ts_without_fat,2.76358599815597,9.31525292470551,48.0976735255785,4.64880905754772,23.040605218284,50,48.1438463313501,2.3845929089960303e-10,7.105427357601e-15,q1024_100000_inhale_ts_without_fat,literature,1024,2.76358599815597,9.31525292470551,48.0976735255785,4.64880905754772,23.040605218284,48.1437837481254,2.53728385427003e-10,1.4210854715202e-14,6.258322469676614e-05,0.00012999215780566637,True
q4096_100000_inhale_ts_without_fat,literature,4096,100000,inhale,ts_without_fat,2.76358599815597,9.31525292470551,48.0976735255785,4.64880905754772,23.040605218284,60,47.6560374419067,2.2883719497066003e-10,0.0,q1024_100000_inhale_ts_without_fat,literature,1024,2.76358599815597,9.31525292470551,48.0976735255785,4.64880905754772,23.040605218284,47.6559582691725,2.85230530146318e-10,7.105427357601e-15,7.917273419622006e-05,0.0001661336914398991,True
q4096_100000_inhale_ts_without_fat,literature,4096,100000,inhale,ts_without_fat,2.76358599815597,9.31525292470551,48.0976735255785,4.64880905754772,23.040605218284,70,37.1308551342951,2.67277747288533e-10,0.0,q1024_100000_inhale_ts_without_fat,literature,1024,2.76358599815597,9.31525292470551,48.0976735255785,4.64880905754772,23.040605218284,37.1307842570329,2.38562229365759e-10,7.105427357601e-15,7.087726220333934e-05,0.00019088507912621465,True
q4096_100000_inhale_ts_without_fat,literature,4096,100000,inhale,ts_without_fat,2.76358599815597,9.31525292470551,48.0976735255785,4.64880905754772,23.040605218284,80,38.6380862541239,2.99100529372999e-10,7.105427357601e-15,q1024_100000_inhale_ts_without_fat,literature,1024,2.76358599815597,9.31525292470551,48.0976735255785,4.64880905754772,23.040605218284,38.6380238700701,3.77317122103086e-10,0.0,6.238405379832557e-05,0.00016145741118756167,True
q4096_100000_inhale_ts_without_fat,literature,4096,100000,inhale,ts_without_fat,2.76358599815597,9.31525292470551,48.0976735255785,4.64880905754772,23.040605218284,90,33.3139171099469,5.580813922163641e-10,7.105427357601e-15,q1024_100000_inhale_ts_without_fat,literature,1024,2.76358599815597,9.31525292470551,48.0976735255785,4.64880905754772,23.040605218284,33.3138807220817,2.70868712336779e-10,0.0,3.638786520099302e-05,0.00010922721900550175,True
q4096_100000_inhale_ts_without_fat,literature,4096,100000,inhale,ts_without_fat,2.76358599815597,9.31525292470551,48.0976735255785,4.64880905754772,23.040605218284,110,31.5678682494048,4.06753209334353e-10,2.48689957516035e-14,q1024_100000_inhale_ts_without_fat,literature,1024,2.76358599815597,9.31525292470551,48.0976735255785,4.64880905754772,23.040605218284,31.5679302802567,4.79124123582969e-10,0.0,-6.203085190037427e-05,-0.00019649997082569503,True
q4096_100000_inhale_ts_without_fat,literature,4096,100000,inhale,ts_without_fat,2.76358599815597,9.31525292470551,48.0976735255785,4.64880905754772,23.040605218284,120,29.4208835067617,5.99219294386095e-10,1.0658141036401501e-14,q1024_100000_inhale_ts_without_fat,literature,1024,2.76358599815597,9.31525292470551,48.0976735255785,4.64880905754772,23.040605218284,29.4210165794238,5.13020434762542e-10,7.105427357601e-15,-0.000133072662098499,-0.0004523068182772804,True
q4096_100000_inhale_ts_without_fat,literature,4096,100000,inhale,ts_without_fat,2.76358599815597,9.31525292470551,48.0976735255785,4.64880905754772,23.040605218284,130,27.262134396152,6.03373708556423e-10,0.0,q1024_100000_inhale_ts_without_fat,literature,1024,2.76358599815597,9.31525292470551,48.0976735255785,4.64880905754772,23.040605218284,27.2623212449264,5.47294585777147e-10,7.105427357601e-15,-0.00018684877440122705,-0.000685378377518381,True
q4096_100000_inhale_ts_without_fat,literature,4096,100000,inhale,ts_without_fat,2.76358599815597,9.31525292470551,48.0976735255785,4.64880905754772,23.040605218284,140,26.6851207328239,6.02985140659013e-10,1.4210854715202e-14,q1024_100000_inhale_ts_without_fat,literature,1024,2.76358599815597,9.31525292470551,48.0976735255785,4.64880905754772,23.040605218284,26.6853695490576,5.24556943281167e-10,1.4210854715202e-14,-0.0002488162337002109,-0.0009324156191437264,True
q4096_100000_inhale_ts_with_fat,literature,4096,100000,inhale,ts_with_fat,2.76358599815597,9.31525292470551,48.0976735255785,4.64880905754772,23.040605218284,50,80.6148455505853,1.54687945868993e-10,0.0,q1024_100000_inhale_ts_with_fat,literature,1024,2.76358599815597,9.31525292470551,48.0976735255785,4.64880905754772,23.040605218284,80.6962333110385,2.2101146572796002e-10,2.8421709430404e-14,-0.08138776045319673,-0.1009587748972693,True
q4096_100000_inhale_ts_with_fat,literature,4096,100000,inhale,ts_with_fat,2.76358599815597,9.31525292470551,48.0976735255785,4.64880905754772,23.040605218284,60,75.1556053756226,1.56451722846157e-10,1.4210854715202e-14,q1024_100000_inhale_ts_with_fat,literature,1024,2.76358599815597,9.31525292470551,48.0976735255785,4.64880905754772,23.040605218284,75.2181054269441,1.73452395805156e-10,1.4210854715202e-14,-0.06250005132150704,-0.08316086472743589,True
q4096_100000_inhale_ts_with_fat,literature,4096,100000,inhale,ts_with_fat,2.76358599815597,9.31525292470551,48.0976735255785,4.64880905754772,23.040605218284,70,52.0965850232337,2.1868105066082003e-10,7.105427357601e-15,q1024_100000_inhale_ts_with_fat,literature,1024,2.76358599815597,9.31525292470551,48.0976735255785,4.64880905754772,23.040605218284,52.1383989884087,2.55518419501322e-10,0.0,-0.041813965175002465,-0.08026239177933552,True
q4096_100000_inhale_ts_with_fat,literature,4096,100000,inhale,ts_with_fat,2.76358599815597,9.31525292470551,48.0976735255785,4.64880905754772,23.040605218284,80,54.7053012035777,1.66784221825261e-10,2.1316282072803e-14,q1024_100000_inhale_ts_with_fat,literature,1024,2.76358599815597,9.31525292470551,48.0976735255785,4.64880905754772,23.040605218284,54.7269778168746,2.7613236878834e-10,2.8421709430404e-14,-0.02167661329690418,-0.039624337714982805,True
q4096_100000_inhale_ts_with_fat,literature,4096,100000,inhale,ts_with_fat,2.76358599815597,9.31525292470551,48.0976735255785,4.64880905754772,23.040605218284,90,43.0468721386558,1.38999729888773e-10,0.0,q1024_100000_inhale_ts_with_fat,literature,1024,2.76358599815597,9.31525292470551,48.0976735255785,4.64880905754772,23.040605218284,43.0565729200388,1.97187614693938e-10,7.105427357601e-15,-0.009700781383003232,-0.022535392006547198,True
q4096_100000_inhale_ts_with_fat,literature,4096,100000,inhale,ts_with_fat,2.76358599815597,9.31525292470551,48.0976735255785,4.64880905754772,23.040605218284,110,42.4946823974165,1.97082569128709e-10,7.105427357601e-15,q1024_100000_inhale_ts_with_fat,literature,1024,2.76358599815597,9.31525292470551,48.0976735255785,4.64880905754772,23.040605218284,42.4902715687247,2.91375582755478e-10,0.0,0.004410828691796098,0.0103797191623775,True
q4096_100000_inhale_ts_with_fat,literature,4096,100000,inhale,ts_with_fat,2.76358599815597,9.31525292470551,48.0976735255785,4.64880905754772,23.040605218284,120,37.5970055789158,3.25330672834231e-10,7.105427357601e-15,q1024_100000_inhale_ts_with_fat,literature,1024,2.76358599815597,9.31525292470551,48.0976735255785,4.64880905754772,23.040605218284,37.5923978513847,2.08393887684499e-10,1.4210854715202e-14,0.004607727531094952,0.012255570517240716,True
q4096_100000_inhale_ts_with_fat,literature,4096,100000,inhale,ts_with_fat,2.76358599815597,9.31525292470551,48.0976735255785,4.64880905754772,23.040605218284,130,34.8923746417422,4.48598318348391e-10,1.4210854715202e-14,q1024_100000_inhale_ts_with_fat,literature,1024,2.76358599815597,9.31525292470551,48.0976735255785,4.64880905754772,23.040605218284,34.8888454029104,3.32289042493129e-10,1.4210854715202e-14,0.0035292388318026724,0.010114642147572834,True
q4096_100000_inhale_ts_with_fat,literature,4096,100000,inhale,ts_with_fat,2.76358599815597,9.31525292470551,48.0976735255785,4.64880905754772,23.040605218284,140,32.3319176618595,2.61265303264464e-10,2.8421709430404e-14,q1024_100000_inhale_ts_with_fat,literature,1024,2.76358599815597,9.31525292470551,48.0976735255785,4.64880905754772,23.040605218284,32.3271830918819,3.59130539380869e-10,7.105427357601e-15,0.004734569977600245,0.014643641082834388,True
q4096_100000_exhale_ts_without_fat,literature,4096,100000,exhale,ts_without_fat,2.76358599815597,3.68169408073288,48.0976735255785,4.64880905754772,23.040605218284,50,47.7240938166899,1.64710471826882e-10,0.0,q1024_100000_exhale_ts_without_fat,literature,1024,2.76358599815597,3.68169408073288,48.0976735255785,4.64880905754772,23.040605218284,47.7240320578874,1.03303845166375e-10,7.105427357601e-15,6.175880250225418e-05,0.00012940801503632976,True
q4096_100000_exhale_ts_without_fat,literature,4096,100000,exhale,ts_without_fat,2.76358599815597,3.68169408073288,48.0976735255785,4.64880905754772,23.040605218284,60,47.0077135128293,1.77489410566394e-10,1.4210854715202e-14,q1024_100000_exhale_ts_without_fat,literature,1024,2.76358599815597,3.68169408073288,48.0976735255785,4.64880905754772,23.040605218284,47.0076312418959,2.48358650818553e-10,1.4210854715202e-14,8.227093339741032e-05,0.00017501581602125154,True
q4096_100000_exhale_ts_without_fat,literature,4096,100000,exhale,ts_without_fat,2.76358599815597,3.68169408073288,48.0976735255785,4.64880905754772,23.040605218284,70,36.3476347513371,1.99307144818519e-10,2.8421709430404e-14,q1024_100000_exhale_ts_without_fat,literature,1024,2.76358599815597,3.68169408073288,48.0976735255785,4.64880905754772,23.040605218284,36.34755568945,3.47829943708719e-10,7.105427357601e-15,7.906188709938533e-05,0.00021751590616629306,True
q4096_100000_exhale_ts_without_fat,literature,4096,100000,exhale,ts_without_fat,2.76358599815597,3.68169408073288,48.0976735255785,4.64880905754772,23.040605218284,80,37.6301555697596,1.96026953357856e-10,1.4210854715202e-14,q1024_100000_exhale_ts_without_fat,literature,1024,2.76358599815597,3.68169408073288,48.0976735255785,4.64880905754772,23.040605218284,37.6300754457484,1.90409687769911e-10,1.4210854715202e-14,8.012401119827928e-05,0.00021292500651437287,True
q4096_100000_exhale_ts_without_fat,literature,4096,100000,exhale,ts_without_fat,2.76358599815597,3.68169408073288,48.0976735255785,4.64880905754772,23.040605218284,90,32.113521611299,2.58683983691449e-10,2.1316282072803e-14,q1024_100000_exhale_ts_without_fat,literature,1024,2.76358599815597,3.68169408073288,48.0976735255785,4.64880905754772,23.040605218284,32.1134573794435,3.3151043114099e-10,7.105427357601e-15,6.423185549664367e-05,0.0002000149851956566,True
q4096_100000_exhale_ts_without_fat,literature,4096,100000,exhale,ts_without_fat,2.76358599815597,3.68169408073288,48.0976735255785,4.64880905754772,23.040605218284,110,29.9725041086834,2.12335644208566e-10,3.5527136788005e-15,q1024_100000_exhale_ts_without_fat,literature,1024,2.76358599815597,3.68169408073288,48.0976735255785,4.64880905754772,23.040605218284,29.9725202973666,2.02124790232025e-10,1.0658141036401501e-14,-1.6188683201079357e-05,-5.40117807386981e-05,True
q4096_100000_exhale_ts_without_fat,literature,4096,100000,exhale,ts_without_fat,2.76358599815597,3.68169408073288,48.0976735255785,4.64880905754772,23.040605218284,120,27.5635829308206,3.58811508905227e-10,3.5527136788005e-15,q1024_100000_exhale_ts_without_fat,literature,1024,2.76358599815597,3.68169408073288,48.0976735255785,4.64880905754772,23.040605218284,27.5636700403764,4.45288606871825e-10,0.0,-8.710955579971369e-05,-0.00031603132298998375,True
q4096_100000_exhale_ts_without_fat,literature,4096,100000,exhale,ts_without_fat,2.76358599815597,3.68169408073288,48.0976735255785,4.64880905754772,23.040605218284,130,25.3193376972336,3.42501246953903e-10,0.0,q1024_100000_exhale_ts_without_fat,literature,1024,2.76358599815597,3.68169408073288,48.0976735255785,4.64880905754772,23.040605218284,25.3195031183351,2.39894813251228e-10,0.0,-0.0001654211014994189,-0.0006533389754404709,True
q4096_100000_exhale_ts_without_fat,literature,4096,100000,exhale,ts_without_fat,2.76358599815597,3.68169408073288,48.0976735255785,4.64880905754772,23.040605218284,140,24.4974197787148,5.3082143084849e-10,7.105427357601e-15,q1024_100000_exhale_ts_without_fat,literature,1024,2.76358599815597,3.68169408073288,48.0976735255785,4.64880905754772,23.040605218284,24.4976793145291,6.18393483498264e-10,0.0,-0.00025953581430115946,-0.001059441429528279,True
q4096_100000_exhale_ts_with_fat,literature,4096,100000,exhale,ts_with_fat,2.76358599815597,3.68169408073288,48.0976735255785,4.64880905754772,23.040605218284,50,80.0020242110932,2.08661793033471e-10,1.4210854715202e-14,q1024_100000_exhale_ts_with_fat,literature,1024,2.76358599815597,3.68169408073288,48.0976735255785,4.64880905754772,23.040605218284,80.0832756847369,1.40087775027269e-10,2.8421709430404e-14,-0.08125147364370378,-0.1015617722738037,True
q4096_100000_exhale_ts_with_fat,literature,4096,100000,exhale,ts_with_fat,2.76358599815597,3.68169408073288,48.0976735255785,4.64880905754772,23.040605218284,60,74.1639531149839,1.72302094883183e-10,0.0,q1024_100000_exhale_ts_with_fat,literature,1024,2.76358599815597,3.68169408073288,48.0976735255785,4.64880905754772,23.040605218284,74.2262701171807,1.51921215300529e-10,2.8421709430404e-14,-0.06231700219680647,-0.08402599858746755,True
q4096_100000_exhale_ts_with_fat,literature,4096,100000,exhale,ts_with_fat,2.76358599815597,3.68169408073288,48.0976735255785,4.64880905754772,23.040605218284,70,50.9233134868829,2.89214568148407e-10,1.4210854715202e-14,q1024_100000_exhale_ts_with_fat,literature,1024,2.76358599815597,3.68169408073288,48.0976735255785,4.64880905754772,23.040605218284,50.9649879929442,1.67591987784788e-10,0.0,-0.041674506061305294,-0.08183777371839725,True
q4096_100000_exhale_ts_with_fat,literature,4096,100000,exhale,ts_with_fat,2.76358599815597,3.68169408073288,48.0976735255785,4.64880905754772,23.040605218284,80,53.2199712312199,3.47540825181304e-10,1.4210854715202e-14,q1024_100000_exhale_ts_with_fat,literature,1024,2.76358599815597,3.68169408073288,48.0976735255785,4.64880905754772,23.040605218284,53.2416223455108,1.68315463607873e-10,2.1316282072803e-14,-0.021651114290897056,-0.0406823111512621,True
q4096_100000_exhale_ts_with_fat,literature,4096,100000,exhale,ts_with_fat,2.76358599815597,3.68169408073288,48.0976735255785,4.64880905754772,23.040605218284,90,41.2620040386831,1.51748087466219e-10,7.105427357601e-15,q1024_100000_exhale_ts_with_fat,literature,1024,2.76358599815597,3.68169408073288,48.0976735255785,4.64880905754772,23.040605218284,41.271716644053,1.9990012658602901e-10,0.0,-0.009712605369898597,-0.023538860014634858,True
q4096_100000_exhale_ts_with_fat,literature,4096,100000,exhale,ts_with_fat,2.76358599815597,3.68169408073288,48.0976735255785,4.64880905754772,23.040605218284,110,40.1000818726402,3.5579842476157e-10,0.0,q1024_100000_exhale_ts_with_fat,literature,1024,2.76358599815597,3.68169408073288,48.0976735255785,4.64880905754772,23.040605218284,40.0955761140317,3.8852640852807603e-10,1.4210854715202e-14,0.004505758608502219,0.011236282815613011,True
q4096_100000_exhale_ts_with_fat,literature,4096,100000,exhale,ts_with_fat,2.76358599815597,3.68169408073288,48.0976735255785,4.64880905754772,23.040605218284,120,34.829314075285,3.95600907100696e-10,1.4210854715202e-14,q1024_100000_exhale_ts_with_fat,literature,1024,2.76358599815597,3.68169408073288,48.0976735255785,4.64880905754772,23.040605218284,34.8248452450005,3.1398853998554603e-10,7.105427357601e-15,0.004468830284494629,0.0128306583208474,True
q4096_100000_exhale_ts_with_fat,literature,4096,100000,exhale,ts_with_fat,2.76358599815597,3.68169408073288,48.0976735255785,4.64880905754772,23.040605218284,130,31.9980587620545,4.38276299824203e-10,0.0,q1024_100000_exhale_ts_with_fat,literature,1024,2.76358599815597,3.68169408073288,48.0976735255785,4.64880905754772,23.040605218284,31.9947587168864,3.7107463742713503e-10,7.105427357601e-15,0.0033000451681033383,0.010313266791099085,True
q4096_100000_exhale_ts_with_fat,literature,4096,100000,exhale,ts_with_fat,2.76358599815597,3.68169408073288,48.0976735255785,4.64880905754772,23.040605218284,140,29.1231757546282,5.36080698678681e-10,1.0658141036401501e-14,q1024_100000_exhale_ts_with_fat,literature,1024,2.76358599815597,3.68169408073288,48.0976735255785,4.64880905754772,23.040605218284,29.1187814131605,3.92963459859706e-10,7.105427357601e-15,0.004394341467698126,0.015088812788556501,True
