L_mm,observed_ohm,predicted_ohm,dZ_dlogrho1,dZ_dlogrho2
50,83.134,81.651218685809,80.5927592602988,0.874321095068451
60,97.44,98.2266763726933,100.435155239456,1.15849022550714
70,85.633,86.2008760573293,85.8087601851995,1.4893174840943
80,79.63,81.0166431827801,80.421946676903,1.96117454476753
90,70.327,67.2751339433597,65.627735095618,2.25229601933424
110,61.474,64.9594090034147,61.7044266014565,3.26323100280748
120,57.685,55.8800228351635,52.5551089073765,3.56670047881603
130,55.784,52.6661164803254,49.2283869835402,3.83176247528014
140,46.828,49.3526081635866,45.0831281159568,4.24013766430551
